ROI,tile,patch,timestep,S1
ROIs1868,119,0,12,/LOCAL2/shvl/datasets/cloud_removal/SEN12MSCRTS_MODS/NanPixelsS1/ROIs1868/119/S1/12/s1_ROIs1868_119_ImgNo_12_2018-06-02_patch_0.tif
ROIs1868,119,1,12,/LOCAL2/shvl/datasets/cloud_removal/SEN12MSCRTS_MODS/NanPixelsS1/ROIs1868/119/S1/12/s1_ROIs1868_119_ImgNo_12_2018-06-02_patch_1.tif
ROIs1868,119,2,12,/LOCAL2/shvl/datasets/cloud_removal/SEN12MSCRTS_MODS/NanPixelsS1/ROIs1868/119/S1/12/s1_ROIs1868_119_ImgNo_12_2018-06-02_patch_2.tif
ROIs1868,119,3,12,/LOCAL2/shvl/datasets/cloud_removal/SEN12MSCRTS_MODS/NanPixelsS1/ROIs1868/119/S1/12/s1_ROIs1868_119_ImgNo_12_2018-06-02_patch_3.tif
ROIs1868,119,4,12,/LOCAL2/shvl/datasets/cloud_removal/SEN12MSCRTS_MODS/NanPixelsS1/ROIs1868/119/S1/12/s1_ROIs1868_119_ImgNo_12_2018-06-02_patch_4.tif
ROIs1868,119,5,12,/LOCAL2/shvl/datasets/cloud_removal/SEN12MSCRTS_MODS/NanPixelsS1/ROIs1868/119/S1/12/s1_ROIs1868_119_ImgNo_12_2018-06-02_patch_5.tif
ROIs1868,119,6,12,/LOCAL2/shvl/datasets/cloud_removal/SEN12MSCRTS_MODS/NanPixelsS1/ROIs1868/119/S1/12/s1_ROIs1868_119_ImgNo_12_2018-06-02_patch_6.tif
ROIs1868,119,7,12,/LOCAL2/shvl/datasets/cloud_removal/SEN12MSCRTS_MODS/NanPixelsS1/ROIs1868/119/S1/12/s1_ROIs1868_119_ImgNo_12_2018-06-02_patch_7.tif
ROIs1868,119,8,12,/LOCAL2/shvl/datasets/cloud_removal/SEN12MSCRTS_MODS/NanPixelsS1/ROIs1868/119/S1/12/s1_ROIs1868_119_ImgNo_12_2018-06-02_patch_8.tif
ROIs1868,119,9,12,/LOCAL2/shvl/datasets/cloud_removal/SEN12MSCRTS_MODS/NanPixelsS1/ROIs1868/119/S1/12/s1_ROIs1868_119_ImgNo_12_2018-06-02_patch_9.tif
ROIs1868,119,10,12,/LOCAL2/shvl/datasets/cloud_removal/SEN12MSCRTS_MODS/NanPixelsS1/ROIs1868/119/S1/12/s1_ROIs1868_119_ImgNo_12_2018-06-02_patch_10.tif
ROIs1868,119,11,12,/LOCAL2/shvl/datasets/cloud_removal/SEN12MSCRTS_MODS/NanPixelsS1/ROIs1868/119/S1/12/s1_ROIs1868_119_ImgNo_12_2018-06-02_patch_11.tif
ROIs1868,119,12,12,/LOCAL2/shvl/datasets/cloud_removal/SEN12MSCRTS_MODS/NanPixelsS1/ROIs1868/119/S1/12/s1_ROIs1868_119_ImgNo_12_2018-06-02_patch_12.tif
ROIs1868,119,13,12,/LOCAL2/shvl/datasets/cloud_removal/SEN12MSCRTS_MODS/NanPixelsS1/ROIs1868/119/S1/12/s1_ROIs1868_119_ImgNo_12_2018-06-02_patch_13.tif
ROIs1868,119,14,12,/LOCAL2/shvl/datasets/cloud_removal/SEN12MSCRTS_MODS/NanPixelsS1/ROIs1868/119/S1/12/s1_ROIs1868_119_ImgNo_12_2018-06-02_patch_14.tif
ROIs1868,119,15,12,/LOCAL2/shvl/datasets/cloud_removal/SEN12MSCRTS_MODS/NanPixelsS1/ROIs1868/119/S1/12/s1_ROIs1868_119_ImgNo_12_2018-06-02_patch_15.tif
ROIs1868,119,16,12,/LOCAL2/shvl/datasets/cloud_removal/SEN12MSCRTS_MODS/NanPixelsS1/ROIs1868/119/S1/12/s1_ROIs1868_119_ImgNo_12_2018-06-02_patch_16.tif
ROIs1868,119,17,12,/LOCAL2/shvl/datasets/cloud_removal/SEN12MSCRTS_MODS/NanPixelsS1/ROIs1868/119/S1/12/s1_ROIs1868_119_ImgNo_12_2018-06-02_patch_17.tif
ROIs1868,119,18,12,/LOCAL2/shvl/datasets/cloud_removal/SEN12MSCRTS_MODS/NanPixelsS1/ROIs1868/119/S1/12/s1_ROIs1868_119_ImgNo_12_2018-06-02_patch_18.tif
ROIs1868,119,19,12,/LOCAL2/shvl/datasets/cloud_removal/SEN12MSCRTS_MODS/NanPixelsS1/ROIs1868/119/S1/12/s1_ROIs1868_119_ImgNo_12_2018-06-02_patch_19.tif
ROIs1868,119,20,12,/LOCAL2/shvl/datasets/cloud_removal/SEN12MSCRTS_MODS/NanPixelsS1/ROIs1868/119/S1/12/s1_ROIs1868_119_ImgNo_12_2018-06-02_patch_20.tif
ROIs1868,119,21,12,/LOCAL2/shvl/datasets/cloud_removal/SEN12MSCRTS_MODS/NanPixelsS1/ROIs1868/119/S1/12/s1_ROIs1868_119_ImgNo_12_2018-06-02_patch_21.tif
ROIs1868,119,22,12,/LOCAL2/shvl/datasets/cloud_removal/SEN12MSCRTS_MODS/NanPixelsS1/ROIs1868/119/S1/12/s1_ROIs1868_119_ImgNo_12_2018-06-02_patch_22.tif
ROIs1868,119,23,12,/LOCAL2/shvl/datasets/cloud_removal/SEN12MSCRTS_MODS/NanPixelsS1/ROIs1868/119/S1/12/s1_ROIs1868_119_ImgNo_12_2018-06-02_patch_23.tif
ROIs1868,119,24,12,/LOCAL2/shvl/datasets/cloud_removal/SEN12MSCRTS_MODS/NanPixelsS1/ROIs1868/119/S1/12/s1_ROIs1868_119_ImgNo_12_2018-06-02_patch_24.tif
ROIs1868,119,25,12,/LOCAL2/shvl/datasets/cloud_removal/SEN12MSCRTS_MODS/NanPixelsS1/ROIs1868/119/S1/12/s1_ROIs1868_119_ImgNo_12_2018-06-02_patch_25.tif
ROIs1868,119,26,12,/LOCAL2/shvl/datasets/cloud_removal/SEN12MSCRTS_MODS/NanPixelsS1/ROIs1868/119/S1/12/s1_ROIs1868_119_ImgNo_12_2018-06-02_patch_26.tif
ROIs1868,119,27,12,/LOCAL2/shvl/datasets/cloud_removal/SEN12MSCRTS_MODS/NanPixelsS1/ROIs1868/119/S1/12/s1_ROIs1868_119_ImgNo_12_2018-06-02_patch_27.tif
ROIs1868,119,28,12,/LOCAL2/shvl/datasets/cloud_removal/SEN12MSCRTS_MODS/NanPixelsS1/ROIs1868/119/S1/12/s1_ROIs1868_119_ImgNo_12_2018-06-02_patch_28.tif
ROIs1868,119,29,12,/LOCAL2/shvl/datasets/cloud_removal/SEN12MSCRTS_MODS/NanPixelsS1/ROIs1868/119/S1/12/s1_ROIs1868_119_ImgNo_12_2018-06-02_patch_29.tif
ROIs1868,119,30,12,/LOCAL2/shvl/datasets/cloud_removal/SEN12MSCRTS_MODS/NanPixelsS1/ROIs1868/119/S1/12/s1_ROIs1868_119_ImgNo_12_2018-06-02_patch_30.tif
ROIs1868,119,31,12,/LOCAL2/shvl/datasets/cloud_removal/SEN12MSCRTS_MODS/NanPixelsS1/ROIs1868/119/S1/12/s1_ROIs1868_119_ImgNo_12_2018-06-02_patch_31.tif
ROIs1868,119,32,12,/LOCAL2/shvl/datasets/cloud_removal/SEN12MSCRTS_MODS/NanPixelsS1/ROIs1868/119/S1/12/s1_ROIs1868_119_ImgNo_12_2018-06-02_patch_32.tif
ROIs1868,119,33,12,/LOCAL2/shvl/datasets/cloud_removal/SEN12MSCRTS_MODS/NanPixelsS1/ROIs1868/119/S1/12/s1_ROIs1868_119_ImgNo_12_2018-06-02_patch_33.tif
ROIs1868,119,34,12,/LOCAL2/shvl/datasets/cloud_removal/SEN12MSCRTS_MODS/NanPixelsS1/ROIs1868/119/S1/12/s1_ROIs1868_119_ImgNo_12_2018-06-02_patch_34.tif
ROIs1868,119,35,12,/LOCAL2/shvl/datasets/cloud_removal/SEN12MSCRTS_MODS/NanPixelsS1/ROIs1868/119/S1/12/s1_ROIs1868_119_ImgNo_12_2018-06-02_patch_35.tif
ROIs1868,119,36,12,/LOCAL2/shvl/datasets/cloud_removal/SEN12MSCRTS_MODS/NanPixelsS1/ROIs1868/119/S1/12/s1_ROIs1868_119_ImgNo_12_2018-06-02_patch_36.tif
ROIs1868,119,37,12,/LOCAL2/shvl/datasets/cloud_removal/SEN12MSCRTS_MODS/NanPixelsS1/ROIs1868/119/S1/12/s1_ROIs1868_119_ImgNo_12_2018-06-02_patch_37.tif
ROIs1868,119,38,12,/LOCAL2/shvl/datasets/cloud_removal/SEN12MSCRTS_MODS/NanPixelsS1/ROIs1868/119/S1/12/s1_ROIs1868_119_ImgNo_12_2018-06-02_patch_38.tif
ROIs1868,119,39,12,/LOCAL2/shvl/datasets/cloud_removal/SEN12MSCRTS_MODS/NanPixelsS1/ROIs1868/119/S1/12/s1_ROIs1868_119_ImgNo_12_2018-06-02_patch_39.tif
ROIs1868,119,40,12,/LOCAL2/shvl/datasets/cloud_removal/SEN12MSCRTS_MODS/NanPixelsS1/ROIs1868/119/S1/12/s1_ROIs1868_119_ImgNo_12_2018-06-02_patch_40.tif
ROIs1868,119,41,12,/LOCAL2/shvl/datasets/cloud_removal/SEN12MSCRTS_MODS/NanPixelsS1/ROIs1868/119/S1/12/s1_ROIs1868_119_ImgNo_12_2018-06-02_patch_41.tif
ROIs1868,119,42,12,/LOCAL2/shvl/datasets/cloud_removal/SEN12MSCRTS_MODS/NanPixelsS1/ROIs1868/119/S1/12/s1_ROIs1868_119_ImgNo_12_2018-06-02_patch_42.tif
ROIs1868,119,43,12,/LOCAL2/shvl/datasets/cloud_removal/SEN12MSCRTS_MODS/NanPixelsS1/ROIs1868/119/S1/12/s1_ROIs1868_119_ImgNo_12_2018-06-02_patch_43.tif
ROIs1868,119,44,12,/LOCAL2/shvl/datasets/cloud_removal/SEN12MSCRTS_MODS/NanPixelsS1/ROIs1868/119/S1/12/s1_ROIs1868_119_ImgNo_12_2018-06-02_patch_44.tif
ROIs1868,119,45,12,/LOCAL2/shvl/datasets/cloud_removal/SEN12MSCRTS_MODS/NanPixelsS1/ROIs1868/119/S1/12/s1_ROIs1868_119_ImgNo_12_2018-06-02_patch_45.tif
ROIs1868,119,46,12,/LOCAL2/shvl/datasets/cloud_removal/SEN12MSCRTS_MODS/NanPixelsS1/ROIs1868/119/S1/12/s1_ROIs1868_119_ImgNo_12_2018-06-02_patch_46.tif
ROIs1868,119,47,12,/LOCAL2/shvl/datasets/cloud_removal/SEN12MSCRTS_MODS/NanPixelsS1/ROIs1868/119/S1/12/s1_ROIs1868_119_ImgNo_12_2018-06-02_patch_47.tif
ROIs1868,119,48,12,/LOCAL2/shvl/datasets/cloud_removal/SEN12MSCRTS_MODS/NanPixelsS1/ROIs1868/119/S1/12/s1_ROIs1868_119_ImgNo_12_2018-06-02_patch_48.tif
ROIs1868,119,49,12,/LOCAL2/shvl/datasets/cloud_removal/SEN12MSCRTS_MODS/NanPixelsS1/ROIs1868/119/S1/12/s1_ROIs1868_119_ImgNo_12_2018-06-02_patch_49.tif
ROIs1868,119,50,12,/LOCAL2/shvl/datasets/cloud_removal/SEN12MSCRTS_MODS/NanPixelsS1/ROIs1868/119/S1/12/s1_ROIs1868_119_ImgNo_12_2018-06-02_patch_50.tif
ROIs1868,119,51,12,/LOCAL2/shvl/datasets/cloud_removal/SEN12MSCRTS_MODS/NanPixelsS1/ROIs1868/119/S1/12/s1_ROIs1868_119_ImgNo_12_2018-06-02_patch_51.tif
ROIs1868,119,52,12,/LOCAL2/shvl/datasets/cloud_removal/SEN12MSCRTS_MODS/NanPixelsS1/ROIs1868/119/S1/12/s1_ROIs1868_119_ImgNo_12_2018-06-02_patch_52.tif
ROIs1868,119,53,12,/LOCAL2/shvl/datasets/cloud_removal/SEN12MSCRTS_MODS/NanPixelsS1/ROIs1868/119/S1/12/s1_ROIs1868_119_ImgNo_12_2018-06-02_patch_53.tif
ROIs1868,119,54,12,/LOCAL2/shvl/datasets/cloud_removal/SEN12MSCRTS_MODS/NanPixelsS1/ROIs1868/119/S1/12/s1_ROIs1868_119_ImgNo_12_2018-06-02_patch_54.tif
ROIs1868,119,55,12,/LOCAL2/shvl/datasets/cloud_removal/SEN12MSCRTS_MODS/NanPixelsS1/ROIs1868/119/S1/12/s1_ROIs1868_119_ImgNo_12_2018-06-02_patch_55.tif
ROIs1868,119,56,12,/LOCAL2/shvl/datasets/cloud_removal/SEN12MSCRTS_MODS/NanPixelsS1/ROIs1868/119/S1/12/s1_ROIs1868_119_ImgNo_12_2018-06-02_patch_56.tif
ROIs1868,119,57,12,/LOCAL2/shvl/datasets/cloud_removal/SEN12MSCRTS_MODS/NanPixelsS1/ROIs1868/119/S1/12/s1_ROIs1868_119_ImgNo_12_2018-06-02_patch_57.tif
ROIs1868,119,58,12,/LOCAL2/shvl/datasets/cloud_removal/SEN12MSCRTS_MODS/NanPixelsS1/ROIs1868/119/S1/12/s1_ROIs1868_119_ImgNo_12_2018-06-02_patch_58.tif
ROIs1868,119,59,12,/LOCAL2/shvl/datasets/cloud_removal/SEN12MSCRTS_MODS/NanPixelsS1/ROIs1868/119/S1/12/s1_ROIs1868_119_ImgNo_12_2018-06-02_patch_59.tif
ROIs1868,119,61,12,/LOCAL2/shvl/datasets/cloud_removal/SEN12MSCRTS_MODS/NanPixelsS1/ROIs1868/119/S1/12/s1_ROIs1868_119_ImgNo_12_2018-06-02_patch_61.tif
ROIs1868,119,62,12,/LOCAL2/shvl/datasets/cloud_removal/SEN12MSCRTS_MODS/NanPixelsS1/ROIs1868/119/S1/12/s1_ROIs1868_119_ImgNo_12_2018-06-02_patch_62.tif
ROIs1868,119,63,12,/LOCAL2/shvl/datasets/cloud_removal/SEN12MSCRTS_MODS/NanPixelsS1/ROIs1868/119/S1/12/s1_ROIs1868_119_ImgNo_12_2018-06-02_patch_63.tif
ROIs1868,119,64,12,/LOCAL2/shvl/datasets/cloud_removal/SEN12MSCRTS_MODS/NanPixelsS1/ROIs1868/119/S1/12/s1_ROIs1868_119_ImgNo_12_2018-06-02_patch_64.tif
ROIs1868,119,65,12,/LOCAL2/shvl/datasets/cloud_removal/SEN12MSCRTS_MODS/NanPixelsS1/ROIs1868/119/S1/12/s1_ROIs1868_119_ImgNo_12_2018-06-02_patch_65.tif
ROIs1868,119,66,12,/LOCAL2/shvl/datasets/cloud_removal/SEN12MSCRTS_MODS/NanPixelsS1/ROIs1868/119/S1/12/s1_ROIs1868_119_ImgNo_12_2018-06-02_patch_66.tif
ROIs1868,119,67,12,/LOCAL2/shvl/datasets/cloud_removal/SEN12MSCRTS_MODS/NanPixelsS1/ROIs1868/119/S1/12/s1_ROIs1868_119_ImgNo_12_2018-06-02_patch_67.tif
ROIs1868,119,68,12,/LOCAL2/shvl/datasets/cloud_removal/SEN12MSCRTS_MODS/NanPixelsS1/ROIs1868/119/S1/12/s1_ROIs1868_119_ImgNo_12_2018-06-02_patch_68.tif
ROIs1868,119,69,12,/LOCAL2/shvl/datasets/cloud_removal/SEN12MSCRTS_MODS/NanPixelsS1/ROIs1868/119/S1/12/s1_ROIs1868_119_ImgNo_12_2018-06-02_patch_69.tif
ROIs1868,119,70,12,/LOCAL2/shvl/datasets/cloud_removal/SEN12MSCRTS_MODS/NanPixelsS1/ROIs1868/119/S1/12/s1_ROIs1868_119_ImgNo_12_2018-06-02_patch_70.tif
ROIs1868,119,71,12,/LOCAL2/shvl/datasets/cloud_removal/SEN12MSCRTS_MODS/NanPixelsS1/ROIs1868/119/S1/12/s1_ROIs1868_119_ImgNo_12_2018-06-02_patch_71.tif
ROIs1868,119,72,12,/LOCAL2/shvl/datasets/cloud_removal/SEN12MSCRTS_MODS/NanPixelsS1/ROIs1868/119/S1/12/s1_ROIs1868_119_ImgNo_12_2018-06-02_patch_72.tif
ROIs1868,119,73,12,/LOCAL2/shvl/datasets/cloud_removal/SEN12MSCRTS_MODS/NanPixelsS1/ROIs1868/119/S1/12/s1_ROIs1868_119_ImgNo_12_2018-06-02_patch_73.tif
ROIs1868,119,74,12,/LOCAL2/shvl/datasets/cloud_removal/SEN12MSCRTS_MODS/NanPixelsS1/ROIs1868/119/S1/12/s1_ROIs1868_119_ImgNo_12_2018-06-02_patch_74.tif
ROIs1868,119,75,12,/LOCAL2/shvl/datasets/cloud_removal/SEN12MSCRTS_MODS/NanPixelsS1/ROIs1868/119/S1/12/s1_ROIs1868_119_ImgNo_12_2018-06-02_patch_75.tif
ROIs1868,119,76,12,/LOCAL2/shvl/datasets/cloud_removal/SEN12MSCRTS_MODS/NanPixelsS1/ROIs1868/119/S1/12/s1_ROIs1868_119_ImgNo_12_2018-06-02_patch_76.tif
ROIs1868,119,77,12,/LOCAL2/shvl/datasets/cloud_removal/SEN12MSCRTS_MODS/NanPixelsS1/ROIs1868/119/S1/12/s1_ROIs1868_119_ImgNo_12_2018-06-02_patch_77.tif
ROIs1868,119,78,12,/LOCAL2/shvl/datasets/cloud_removal/SEN12MSCRTS_MODS/NanPixelsS1/ROIs1868/119/S1/12/s1_ROIs1868_119_ImgNo_12_2018-06-02_patch_78.tif
ROIs1868,119,79,12,/LOCAL2/shvl/datasets/cloud_removal/SEN12MSCRTS_MODS/NanPixelsS1/ROIs1868/119/S1/12/s1_ROIs1868_119_ImgNo_12_2018-06-02_patch_79.tif
ROIs1868,119,82,12,/LOCAL2/shvl/datasets/cloud_removal/SEN12MSCRTS_MODS/NanPixelsS1/ROIs1868/119/S1/12/s1_ROIs1868_119_ImgNo_12_2018-06-02_patch_82.tif
ROIs1868,119,83,12,/LOCAL2/shvl/datasets/cloud_removal/SEN12MSCRTS_MODS/NanPixelsS1/ROIs1868/119/S1/12/s1_ROIs1868_119_ImgNo_12_2018-06-02_patch_83.tif
ROIs1868,119,84,12,/LOCAL2/shvl/datasets/cloud_removal/SEN12MSCRTS_MODS/NanPixelsS1/ROIs1868/119/S1/12/s1_ROIs1868_119_ImgNo_12_2018-06-02_patch_84.tif
ROIs1868,119,85,12,/LOCAL2/shvl/datasets/cloud_removal/SEN12MSCRTS_MODS/NanPixelsS1/ROIs1868/119/S1/12/s1_ROIs1868_119_ImgNo_12_2018-06-02_patch_85.tif
ROIs1868,119,86,12,/LOCAL2/shvl/datasets/cloud_removal/SEN12MSCRTS_MODS/NanPixelsS1/ROIs1868/119/S1/12/s1_ROIs1868_119_ImgNo_12_2018-06-02_patch_86.tif
ROIs1868,119,87,12,/LOCAL2/shvl/datasets/cloud_removal/SEN12MSCRTS_MODS/NanPixelsS1/ROIs1868/119/S1/12/s1_ROIs1868_119_ImgNo_12_2018-06-02_patch_87.tif
ROIs1868,119,88,12,/LOCAL2/shvl/datasets/cloud_removal/SEN12MSCRTS_MODS/NanPixelsS1/ROIs1868/119/S1/12/s1_ROIs1868_119_ImgNo_12_2018-06-02_patch_88.tif
ROIs1868,119,89,12,/LOCAL2/shvl/datasets/cloud_removal/SEN12MSCRTS_MODS/NanPixelsS1/ROIs1868/119/S1/12/s1_ROIs1868_119_ImgNo_12_2018-06-02_patch_89.tif
ROIs1868,119,90,12,/LOCAL2/shvl/datasets/cloud_removal/SEN12MSCRTS_MODS/NanPixelsS1/ROIs1868/119/S1/12/s1_ROIs1868_119_ImgNo_12_2018-06-02_patch_90.tif
ROIs1868,119,91,12,/LOCAL2/shvl/datasets/cloud_removal/SEN12MSCRTS_MODS/NanPixelsS1/ROIs1868/119/S1/12/s1_ROIs1868_119_ImgNo_12_2018-06-02_patch_91.tif
ROIs1868,119,92,12,/LOCAL2/shvl/datasets/cloud_removal/SEN12MSCRTS_MODS/NanPixelsS1/ROIs1868/119/S1/12/s1_ROIs1868_119_ImgNo_12_2018-06-02_patch_92.tif
ROIs1868,119,93,12,/LOCAL2/shvl/datasets/cloud_removal/SEN12MSCRTS_MODS/NanPixelsS1/ROIs1868/119/S1/12/s1_ROIs1868_119_ImgNo_12_2018-06-02_patch_93.tif
ROIs1868,119,94,12,/LOCAL2/shvl/datasets/cloud_removal/SEN12MSCRTS_MODS/NanPixelsS1/ROIs1868/119/S1/12/s1_ROIs1868_119_ImgNo_12_2018-06-02_patch_94.tif
ROIs1868,119,95,12,/LOCAL2/shvl/datasets/cloud_removal/SEN12MSCRTS_MODS/NanPixelsS1/ROIs1868/119/S1/12/s1_ROIs1868_119_ImgNo_12_2018-06-02_patch_95.tif
ROIs1868,119,96,12,/LOCAL2/shvl/datasets/cloud_removal/SEN12MSCRTS_MODS/NanPixelsS1/ROIs1868/119/S1/12/s1_ROIs1868_119_ImgNo_12_2018-06-02_patch_96.tif
ROIs1868,119,97,12,/LOCAL2/shvl/datasets/cloud_removal/SEN12MSCRTS_MODS/NanPixelsS1/ROIs1868/119/S1/12/s1_ROIs1868_119_ImgNo_12_2018-06-02_patch_97.tif
ROIs1868,119,98,12,/LOCAL2/shvl/datasets/cloud_removal/SEN12MSCRTS_MODS/NanPixelsS1/ROIs1868/119/S1/12/s1_ROIs1868_119_ImgNo_12_2018-06-02_patch_98.tif
ROIs1868,119,99,12,/LOCAL2/shvl/datasets/cloud_removal/SEN12MSCRTS_MODS/NanPixelsS1/ROIs1868/119/S1/12/s1_ROIs1868_119_ImgNo_12_2018-06-02_patch_99.tif
ROIs1868,119,103,12,/LOCAL2/shvl/datasets/cloud_removal/SEN12MSCRTS_MODS/NanPixelsS1/ROIs1868/119/S1/12/s1_ROIs1868_119_ImgNo_12_2018-06-02_patch_103.tif
ROIs1868,119,104,12,/LOCAL2/shvl/datasets/cloud_removal/SEN12MSCRTS_MODS/NanPixelsS1/ROIs1868/119/S1/12/s1_ROIs1868_119_ImgNo_12_2018-06-02_patch_104.tif
ROIs1868,119,105,12,/LOCAL2/shvl/datasets/cloud_removal/SEN12MSCRTS_MODS/NanPixelsS1/ROIs1868/119/S1/12/s1_ROIs1868_119_ImgNo_12_2018-06-02_patch_105.tif
ROIs1868,119,106,12,/LOCAL2/shvl/datasets/cloud_removal/SEN12MSCRTS_MODS/NanPixelsS1/ROIs1868/119/S1/12/s1_ROIs1868_119_ImgNo_12_2018-06-02_patch_106.tif
ROIs1868,119,107,12,/LOCAL2/shvl/datasets/cloud_removal/SEN12MSCRTS_MODS/NanPixelsS1/ROIs1868/119/S1/12/s1_ROIs1868_119_ImgNo_12_2018-06-02_patch_107.tif
ROIs1868,119,108,12,/LOCAL2/shvl/datasets/cloud_removal/SEN12MSCRTS_MODS/NanPixelsS1/ROIs1868/119/S1/12/s1_ROIs1868_119_ImgNo_12_2018-06-02_patch_108.tif
ROIs1868,119,109,12,/LOCAL2/shvl/datasets/cloud_removal/SEN12MSCRTS_MODS/NanPixelsS1/ROIs1868/119/S1/12/s1_ROIs1868_119_ImgNo_12_2018-06-02_patch_109.tif
ROIs1868,119,110,12,/LOCAL2/shvl/datasets/cloud_removal/SEN12MSCRTS_MODS/NanPixelsS1/ROIs1868/119/S1/12/s1_ROIs1868_119_ImgNo_12_2018-06-02_patch_110.tif
ROIs1868,119,111,12,/LOCAL2/shvl/datasets/cloud_removal/SEN12MSCRTS_MODS/NanPixelsS1/ROIs1868/119/S1/12/s1_ROIs1868_119_ImgNo_12_2018-06-02_patch_111.tif
ROIs1868,119,112,12,/LOCAL2/shvl/datasets/cloud_removal/SEN12MSCRTS_MODS/NanPixelsS1/ROIs1868/119/S1/12/s1_ROIs1868_119_ImgNo_12_2018-06-02_patch_112.tif
ROIs1868,119,113,12,/LOCAL2/shvl/datasets/cloud_removal/SEN12MSCRTS_MODS/NanPixelsS1/ROIs1868/119/S1/12/s1_ROIs1868_119_ImgNo_12_2018-06-02_patch_113.tif
ROIs1868,119,114,12,/LOCAL2/shvl/datasets/cloud_removal/SEN12MSCRTS_MODS/NanPixelsS1/ROIs1868/119/S1/12/s1_ROIs1868_119_ImgNo_12_2018-06-02_patch_114.tif
ROIs1868,119,115,12,/LOCAL2/shvl/datasets/cloud_removal/SEN12MSCRTS_MODS/NanPixelsS1/ROIs1868/119/S1/12/s1_ROIs1868_119_ImgNo_12_2018-06-02_patch_115.tif
ROIs1868,119,116,12,/LOCAL2/shvl/datasets/cloud_removal/SEN12MSCRTS_MODS/NanPixelsS1/ROIs1868/119/S1/12/s1_ROIs1868_119_ImgNo_12_2018-06-02_patch_116.tif
ROIs1868,119,117,12,/LOCAL2/shvl/datasets/cloud_removal/SEN12MSCRTS_MODS/NanPixelsS1/ROIs1868/119/S1/12/s1_ROIs1868_119_ImgNo_12_2018-06-02_patch_117.tif
ROIs1868,119,118,12,/LOCAL2/shvl/datasets/cloud_removal/SEN12MSCRTS_MODS/NanPixelsS1/ROIs1868/119/S1/12/s1_ROIs1868_119_ImgNo_12_2018-06-02_patch_118.tif
ROIs1868,119,119,12,/LOCAL2/shvl/datasets/cloud_removal/SEN12MSCRTS_MODS/NanPixelsS1/ROIs1868/119/S1/12/s1_ROIs1868_119_ImgNo_12_2018-06-02_patch_119.tif
ROIs1868,119,122,12,/LOCAL2/shvl/datasets/cloud_removal/SEN12MSCRTS_MODS/NanPixelsS1/ROIs1868/119/S1/12/s1_ROIs1868_119_ImgNo_12_2018-06-02_patch_122.tif
ROIs1868,119,123,12,/LOCAL2/shvl/datasets/cloud_removal/SEN12MSCRTS_MODS/NanPixelsS1/ROIs1868/119/S1/12/s1_ROIs1868_119_ImgNo_12_2018-06-02_patch_123.tif
ROIs1868,119,124,12,/LOCAL2/shvl/datasets/cloud_removal/SEN12MSCRTS_MODS/NanPixelsS1/ROIs1868/119/S1/12/s1_ROIs1868_119_ImgNo_12_2018-06-02_patch_124.tif
ROIs1868,119,125,12,/LOCAL2/shvl/datasets/cloud_removal/SEN12MSCRTS_MODS/NanPixelsS1/ROIs1868/119/S1/12/s1_ROIs1868_119_ImgNo_12_2018-06-02_patch_125.tif
ROIs1868,119,126,12,/LOCAL2/shvl/datasets/cloud_removal/SEN12MSCRTS_MODS/NanPixelsS1/ROIs1868/119/S1/12/s1_ROIs1868_119_ImgNo_12_2018-06-02_patch_126.tif
ROIs1868,119,127,12,/LOCAL2/shvl/datasets/cloud_removal/SEN12MSCRTS_MODS/NanPixelsS1/ROIs1868/119/S1/12/s1_ROIs1868_119_ImgNo_12_2018-06-02_patch_127.tif
ROIs1868,119,128,12,/LOCAL2/shvl/datasets/cloud_removal/SEN12MSCRTS_MODS/NanPixelsS1/ROIs1868/119/S1/12/s1_ROIs1868_119_ImgNo_12_2018-06-02_patch_128.tif
ROIs1868,119,129,12,/LOCAL2/shvl/datasets/cloud_removal/SEN12MSCRTS_MODS/NanPixelsS1/ROIs1868/119/S1/12/s1_ROIs1868_119_ImgNo_12_2018-06-02_patch_129.tif
ROIs1868,119,130,12,/LOCAL2/shvl/datasets/cloud_removal/SEN12MSCRTS_MODS/NanPixelsS1/ROIs1868/119/S1/12/s1_ROIs1868_119_ImgNo_12_2018-06-02_patch_130.tif
ROIs1868,119,131,12,/LOCAL2/shvl/datasets/cloud_removal/SEN12MSCRTS_MODS/NanPixelsS1/ROIs1868/119/S1/12/s1_ROIs1868_119_ImgNo_12_2018-06-02_patch_131.tif
ROIs1868,119,132,12,/LOCAL2/shvl/datasets/cloud_removal/SEN12MSCRTS_MODS/NanPixelsS1/ROIs1868/119/S1/12/s1_ROIs1868_119_ImgNo_12_2018-06-02_patch_132.tif
ROIs1868,119,133,12,/LOCAL2/shvl/datasets/cloud_removal/SEN12MSCRTS_MODS/NanPixelsS1/ROIs1868/119/S1/12/s1_ROIs1868_119_ImgNo_12_2018-06-02_patch_133.tif
ROIs1868,119,134,12,/LOCAL2/shvl/datasets/cloud_removal/SEN12MSCRTS_MODS/NanPixelsS1/ROIs1868/119/S1/12/s1_ROIs1868_119_ImgNo_12_2018-06-02_patch_134.tif
ROIs1868,119,135,12,/LOCAL2/shvl/datasets/cloud_removal/SEN12MSCRTS_MODS/NanPixelsS1/ROIs1868/119/S1/12/s1_ROIs1868_119_ImgNo_12_2018-06-02_patch_135.tif
ROIs1868,119,136,12,/LOCAL2/shvl/datasets/cloud_removal/SEN12MSCRTS_MODS/NanPixelsS1/ROIs1868/119/S1/12/s1_ROIs1868_119_ImgNo_12_2018-06-02_patch_136.tif
ROIs1868,119,137,12,/LOCAL2/shvl/datasets/cloud_removal/SEN12MSCRTS_MODS/NanPixelsS1/ROIs1868/119/S1/12/s1_ROIs1868_119_ImgNo_12_2018-06-02_patch_137.tif
ROIs1868,119,138,12,/LOCAL2/shvl/datasets/cloud_removal/SEN12MSCRTS_MODS/NanPixelsS1/ROIs1868/119/S1/12/s1_ROIs1868_119_ImgNo_12_2018-06-02_patch_138.tif
ROIs1868,119,139,12,/LOCAL2/shvl/datasets/cloud_removal/SEN12MSCRTS_MODS/NanPixelsS1/ROIs1868/119/S1/12/s1_ROIs1868_119_ImgNo_12_2018-06-02_patch_139.tif
ROIs1868,119,141,12,/LOCAL2/shvl/datasets/cloud_removal/SEN12MSCRTS_MODS/NanPixelsS1/ROIs1868/119/S1/12/s1_ROIs1868_119_ImgNo_12_2018-06-02_patch_141.tif
ROIs1868,119,144,12,/LOCAL2/shvl/datasets/cloud_removal/SEN12MSCRTS_MODS/NanPixelsS1/ROIs1868/119/S1/12/s1_ROIs1868_119_ImgNo_12_2018-06-02_patch_144.tif
ROIs1868,119,145,12,/LOCAL2/shvl/datasets/cloud_removal/SEN12MSCRTS_MODS/NanPixelsS1/ROIs1868/119/S1/12/s1_ROIs1868_119_ImgNo_12_2018-06-02_patch_145.tif
ROIs1868,119,146,12,/LOCAL2/shvl/datasets/cloud_removal/SEN12MSCRTS_MODS/NanPixelsS1/ROIs1868/119/S1/12/s1_ROIs1868_119_ImgNo_12_2018-06-02_patch_146.tif
ROIs1868,119,147,12,/LOCAL2/shvl/datasets/cloud_removal/SEN12MSCRTS_MODS/NanPixelsS1/ROIs1868/119/S1/12/s1_ROIs1868_119_ImgNo_12_2018-06-02_patch_147.tif
ROIs1868,119,148,12,/LOCAL2/shvl/datasets/cloud_removal/SEN12MSCRTS_MODS/NanPixelsS1/ROIs1868/119/S1/12/s1_ROIs1868_119_ImgNo_12_2018-06-02_patch_148.tif
ROIs1868,119,149,12,/LOCAL2/shvl/datasets/cloud_removal/SEN12MSCRTS_MODS/NanPixelsS1/ROIs1868/119/S1/12/s1_ROIs1868_119_ImgNo_12_2018-06-02_patch_149.tif
ROIs1868,119,150,12,/LOCAL2/shvl/datasets/cloud_removal/SEN12MSCRTS_MODS/NanPixelsS1/ROIs1868/119/S1/12/s1_ROIs1868_119_ImgNo_12_2018-06-02_patch_150.tif
ROIs1868,119,151,12,/LOCAL2/shvl/datasets/cloud_removal/SEN12MSCRTS_MODS/NanPixelsS1/ROIs1868/119/S1/12/s1_ROIs1868_119_ImgNo_12_2018-06-02_patch_151.tif
ROIs1868,119,152,12,/LOCAL2/shvl/datasets/cloud_removal/SEN12MSCRTS_MODS/NanPixelsS1/ROIs1868/119/S1/12/s1_ROIs1868_119_ImgNo_12_2018-06-02_patch_152.tif
ROIs1868,119,153,12,/LOCAL2/shvl/datasets/cloud_removal/SEN12MSCRTS_MODS/NanPixelsS1/ROIs1868/119/S1/12/s1_ROIs1868_119_ImgNo_12_2018-06-02_patch_153.tif
ROIs1868,119,154,12,/LOCAL2/shvl/datasets/cloud_removal/SEN12MSCRTS_MODS/NanPixelsS1/ROIs1868/119/S1/12/s1_ROIs1868_119_ImgNo_12_2018-06-02_patch_154.tif
ROIs1868,119,155,12,/LOCAL2/shvl/datasets/cloud_removal/SEN12MSCRTS_MODS/NanPixelsS1/ROIs1868/119/S1/12/s1_ROIs1868_119_ImgNo_12_2018-06-02_patch_155.tif
ROIs1868,119,156,12,/LOCAL2/shvl/datasets/cloud_removal/SEN12MSCRTS_MODS/NanPixelsS1/ROIs1868/119/S1/12/s1_ROIs1868_119_ImgNo_12_2018-06-02_patch_156.tif
ROIs1868,119,157,12,/LOCAL2/shvl/datasets/cloud_removal/SEN12MSCRTS_MODS/NanPixelsS1/ROIs1868/119/S1/12/s1_ROIs1868_119_ImgNo_12_2018-06-02_patch_157.tif
ROIs1868,119,158,12,/LOCAL2/shvl/datasets/cloud_removal/SEN12MSCRTS_MODS/NanPixelsS1/ROIs1868/119/S1/12/s1_ROIs1868_119_ImgNo_12_2018-06-02_patch_158.tif
ROIs1868,119,159,12,/LOCAL2/shvl/datasets/cloud_removal/SEN12MSCRTS_MODS/NanPixelsS1/ROIs1868/119/S1/12/s1_ROIs1868_119_ImgNo_12_2018-06-02_patch_159.tif
ROIs1868,119,164,12,/LOCAL2/shvl/datasets/cloud_removal/SEN12MSCRTS_MODS/NanPixelsS1/ROIs1868/119/S1/12/s1_ROIs1868_119_ImgNo_12_2018-06-02_patch_164.tif
ROIs1868,119,165,12,/LOCAL2/shvl/datasets/cloud_removal/SEN12MSCRTS_MODS/NanPixelsS1/ROIs1868/119/S1/12/s1_ROIs1868_119_ImgNo_12_2018-06-02_patch_165.tif
ROIs1868,119,166,12,/LOCAL2/shvl/datasets/cloud_removal/SEN12MSCRTS_MODS/NanPixelsS1/ROIs1868/119/S1/12/s1_ROIs1868_119_ImgNo_12_2018-06-02_patch_166.tif
ROIs1868,119,167,12,/LOCAL2/shvl/datasets/cloud_removal/SEN12MSCRTS_MODS/NanPixelsS1/ROIs1868/119/S1/12/s1_ROIs1868_119_ImgNo_12_2018-06-02_patch_167.tif
ROIs1868,119,169,12,/LOCAL2/shvl/datasets/cloud_removal/SEN12MSCRTS_MODS/NanPixelsS1/ROIs1868/119/S1/12/s1_ROIs1868_119_ImgNo_12_2018-06-02_patch_169.tif
ROIs1868,119,170,12,/LOCAL2/shvl/datasets/cloud_removal/SEN12MSCRTS_MODS/NanPixelsS1/ROIs1868/119/S1/12/s1_ROIs1868_119_ImgNo_12_2018-06-02_patch_170.tif
ROIs1868,119,171,12,/LOCAL2/shvl/datasets/cloud_removal/SEN12MSCRTS_MODS/NanPixelsS1/ROIs1868/119/S1/12/s1_ROIs1868_119_ImgNo_12_2018-06-02_patch_171.tif
ROIs1868,119,172,12,/LOCAL2/shvl/datasets/cloud_removal/SEN12MSCRTS_MODS/NanPixelsS1/ROIs1868/119/S1/12/s1_ROIs1868_119_ImgNo_12_2018-06-02_patch_172.tif
ROIs1868,119,173,12,/LOCAL2/shvl/datasets/cloud_removal/SEN12MSCRTS_MODS/NanPixelsS1/ROIs1868/119/S1/12/s1_ROIs1868_119_ImgNo_12_2018-06-02_patch_173.tif
ROIs1868,119,174,12,/LOCAL2/shvl/datasets/cloud_removal/SEN12MSCRTS_MODS/NanPixelsS1/ROIs1868/119/S1/12/s1_ROIs1868_119_ImgNo_12_2018-06-02_patch_174.tif
ROIs1868,119,175,12,/LOCAL2/shvl/datasets/cloud_removal/SEN12MSCRTS_MODS/NanPixelsS1/ROIs1868/119/S1/12/s1_ROIs1868_119_ImgNo_12_2018-06-02_patch_175.tif
ROIs1868,119,176,12,/LOCAL2/shvl/datasets/cloud_removal/SEN12MSCRTS_MODS/NanPixelsS1/ROIs1868/119/S1/12/s1_ROIs1868_119_ImgNo_12_2018-06-02_patch_176.tif
ROIs1868,119,177,12,/LOCAL2/shvl/datasets/cloud_removal/SEN12MSCRTS_MODS/NanPixelsS1/ROIs1868/119/S1/12/s1_ROIs1868_119_ImgNo_12_2018-06-02_patch_177.tif
ROIs1868,119,178,12,/LOCAL2/shvl/datasets/cloud_removal/SEN12MSCRTS_MODS/NanPixelsS1/ROIs1868/119/S1/12/s1_ROIs1868_119_ImgNo_12_2018-06-02_patch_178.tif
ROIs1868,119,179,12,/LOCAL2/shvl/datasets/cloud_removal/SEN12MSCRTS_MODS/NanPixelsS1/ROIs1868/119/S1/12/s1_ROIs1868_119_ImgNo_12_2018-06-02_patch_179.tif
ROIs1868,119,184,12,/LOCAL2/shvl/datasets/cloud_removal/SEN12MSCRTS_MODS/NanPixelsS1/ROIs1868/119/S1/12/s1_ROIs1868_119_ImgNo_12_2018-06-02_patch_184.tif
ROIs1868,119,185,12,/LOCAL2/shvl/datasets/cloud_removal/SEN12MSCRTS_MODS/NanPixelsS1/ROIs1868/119/S1/12/s1_ROIs1868_119_ImgNo_12_2018-06-02_patch_185.tif
ROIs1868,119,186,12,/LOCAL2/shvl/datasets/cloud_removal/SEN12MSCRTS_MODS/NanPixelsS1/ROIs1868/119/S1/12/s1_ROIs1868_119_ImgNo_12_2018-06-02_patch_186.tif
ROIs1868,119,187,12,/LOCAL2/shvl/datasets/cloud_removal/SEN12MSCRTS_MODS/NanPixelsS1/ROIs1868/119/S1/12/s1_ROIs1868_119_ImgNo_12_2018-06-02_patch_187.tif
ROIs1868,119,188,12,/LOCAL2/shvl/datasets/cloud_removal/SEN12MSCRTS_MODS/NanPixelsS1/ROIs1868/119/S1/12/s1_ROIs1868_119_ImgNo_12_2018-06-02_patch_188.tif
ROIs1868,119,189,12,/LOCAL2/shvl/datasets/cloud_removal/SEN12MSCRTS_MODS/NanPixelsS1/ROIs1868/119/S1/12/s1_ROIs1868_119_ImgNo_12_2018-06-02_patch_189.tif
ROIs1868,119,190,12,/LOCAL2/shvl/datasets/cloud_removal/SEN12MSCRTS_MODS/NanPixelsS1/ROIs1868/119/S1/12/s1_ROIs1868_119_ImgNo_12_2018-06-02_patch_190.tif
ROIs1868,119,191,12,/LOCAL2/shvl/datasets/cloud_removal/SEN12MSCRTS_MODS/NanPixelsS1/ROIs1868/119/S1/12/s1_ROIs1868_119_ImgNo_12_2018-06-02_patch_191.tif
ROIs1868,119,192,12,/LOCAL2/shvl/datasets/cloud_removal/SEN12MSCRTS_MODS/NanPixelsS1/ROIs1868/119/S1/12/s1_ROIs1868_119_ImgNo_12_2018-06-02_patch_192.tif
ROIs1868,119,193,12,/LOCAL2/shvl/datasets/cloud_removal/SEN12MSCRTS_MODS/NanPixelsS1/ROIs1868/119/S1/12/s1_ROIs1868_119_ImgNo_12_2018-06-02_patch_193.tif
ROIs1868,119,194,12,/LOCAL2/shvl/datasets/cloud_removal/SEN12MSCRTS_MODS/NanPixelsS1/ROIs1868/119/S1/12/s1_ROIs1868_119_ImgNo_12_2018-06-02_patch_194.tif
ROIs1868,119,195,12,/LOCAL2/shvl/datasets/cloud_removal/SEN12MSCRTS_MODS/NanPixelsS1/ROIs1868/119/S1/12/s1_ROIs1868_119_ImgNo_12_2018-06-02_patch_195.tif
ROIs1868,119,196,12,/LOCAL2/shvl/datasets/cloud_removal/SEN12MSCRTS_MODS/NanPixelsS1/ROIs1868/119/S1/12/s1_ROIs1868_119_ImgNo_12_2018-06-02_patch_196.tif
ROIs1868,119,197,12,/LOCAL2/shvl/datasets/cloud_removal/SEN12MSCRTS_MODS/NanPixelsS1/ROIs1868/119/S1/12/s1_ROIs1868_119_ImgNo_12_2018-06-02_patch_197.tif
ROIs1868,119,198,12,/LOCAL2/shvl/datasets/cloud_removal/SEN12MSCRTS_MODS/NanPixelsS1/ROIs1868/119/S1/12/s1_ROIs1868_119_ImgNo_12_2018-06-02_patch_198.tif
ROIs1868,119,199,12,/LOCAL2/shvl/datasets/cloud_removal/SEN12MSCRTS_MODS/NanPixelsS1/ROIs1868/119/S1/12/s1_ROIs1868_119_ImgNo_12_2018-06-02_patch_199.tif
ROIs1868,119,201,12,/LOCAL2/shvl/datasets/cloud_removal/SEN12MSCRTS_MODS/NanPixelsS1/ROIs1868/119/S1/12/s1_ROIs1868_119_ImgNo_12_2018-06-02_patch_201.tif
ROIs1868,119,202,12,/LOCAL2/shvl/datasets/cloud_removal/SEN12MSCRTS_MODS/NanPixelsS1/ROIs1868/119/S1/12/s1_ROIs1868_119_ImgNo_12_2018-06-02_patch_202.tif
ROIs1868,119,203,12,/LOCAL2/shvl/datasets/cloud_removal/SEN12MSCRTS_MODS/NanPixelsS1/ROIs1868/119/S1/12/s1_ROIs1868_119_ImgNo_12_2018-06-02_patch_203.tif
ROIs1868,119,205,12,/LOCAL2/shvl/datasets/cloud_removal/SEN12MSCRTS_MODS/NanPixelsS1/ROIs1868/119/S1/12/s1_ROIs1868_119_ImgNo_12_2018-06-02_patch_205.tif
ROIs1868,119,206,12,/LOCAL2/shvl/datasets/cloud_removal/SEN12MSCRTS_MODS/NanPixelsS1/ROIs1868/119/S1/12/s1_ROIs1868_119_ImgNo_12_2018-06-02_patch_206.tif
ROIs1868,119,207,12,/LOCAL2/shvl/datasets/cloud_removal/SEN12MSCRTS_MODS/NanPixelsS1/ROIs1868/119/S1/12/s1_ROIs1868_119_ImgNo_12_2018-06-02_patch_207.tif
ROIs1868,119,208,12,/LOCAL2/shvl/datasets/cloud_removal/SEN12MSCRTS_MODS/NanPixelsS1/ROIs1868/119/S1/12/s1_ROIs1868_119_ImgNo_12_2018-06-02_patch_208.tif
ROIs1868,119,209,12,/LOCAL2/shvl/datasets/cloud_removal/SEN12MSCRTS_MODS/NanPixelsS1/ROIs1868/119/S1/12/s1_ROIs1868_119_ImgNo_12_2018-06-02_patch_209.tif
ROIs1868,119,210,12,/LOCAL2/shvl/datasets/cloud_removal/SEN12MSCRTS_MODS/NanPixelsS1/ROIs1868/119/S1/12/s1_ROIs1868_119_ImgNo_12_2018-06-02_patch_210.tif
ROIs1868,119,211,12,/LOCAL2/shvl/datasets/cloud_removal/SEN12MSCRTS_MODS/NanPixelsS1/ROIs1868/119/S1/12/s1_ROIs1868_119_ImgNo_12_2018-06-02_patch_211.tif
ROIs1868,119,212,12,/LOCAL2/shvl/datasets/cloud_removal/SEN12MSCRTS_MODS/NanPixelsS1/ROIs1868/119/S1/12/s1_ROIs1868_119_ImgNo_12_2018-06-02_patch_212.tif
ROIs1868,119,213,12,/LOCAL2/shvl/datasets/cloud_removal/SEN12MSCRTS_MODS/NanPixelsS1/ROIs1868/119/S1/12/s1_ROIs1868_119_ImgNo_12_2018-06-02_patch_213.tif
ROIs1868,119,214,12,/LOCAL2/shvl/datasets/cloud_removal/SEN12MSCRTS_MODS/NanPixelsS1/ROIs1868/119/S1/12/s1_ROIs1868_119_ImgNo_12_2018-06-02_patch_214.tif
ROIs1868,119,215,12,/LOCAL2/shvl/datasets/cloud_removal/SEN12MSCRTS_MODS/NanPixelsS1/ROIs1868/119/S1/12/s1_ROIs1868_119_ImgNo_12_2018-06-02_patch_215.tif
ROIs1868,119,216,12,/LOCAL2/shvl/datasets/cloud_removal/SEN12MSCRTS_MODS/NanPixelsS1/ROIs1868/119/S1/12/s1_ROIs1868_119_ImgNo_12_2018-06-02_patch_216.tif
ROIs1868,119,217,12,/LOCAL2/shvl/datasets/cloud_removal/SEN12MSCRTS_MODS/NanPixelsS1/ROIs1868/119/S1/12/s1_ROIs1868_119_ImgNo_12_2018-06-02_patch_217.tif
ROIs1868,119,218,12,/LOCAL2/shvl/datasets/cloud_removal/SEN12MSCRTS_MODS/NanPixelsS1/ROIs1868/119/S1/12/s1_ROIs1868_119_ImgNo_12_2018-06-02_patch_218.tif
ROIs1868,119,219,12,/LOCAL2/shvl/datasets/cloud_removal/SEN12MSCRTS_MODS/NanPixelsS1/ROIs1868/119/S1/12/s1_ROIs1868_119_ImgNo_12_2018-06-02_patch_219.tif
ROIs1868,119,223,12,/LOCAL2/shvl/datasets/cloud_removal/SEN12MSCRTS_MODS/NanPixelsS1/ROIs1868/119/S1/12/s1_ROIs1868_119_ImgNo_12_2018-06-02_patch_223.tif
ROIs1868,119,224,12,/LOCAL2/shvl/datasets/cloud_removal/SEN12MSCRTS_MODS/NanPixelsS1/ROIs1868/119/S1/12/s1_ROIs1868_119_ImgNo_12_2018-06-02_patch_224.tif
ROIs1868,119,225,12,/LOCAL2/shvl/datasets/cloud_removal/SEN12MSCRTS_MODS/NanPixelsS1/ROIs1868/119/S1/12/s1_ROIs1868_119_ImgNo_12_2018-06-02_patch_225.tif
ROIs1868,119,226,12,/LOCAL2/shvl/datasets/cloud_removal/SEN12MSCRTS_MODS/NanPixelsS1/ROIs1868/119/S1/12/s1_ROIs1868_119_ImgNo_12_2018-06-02_patch_226.tif
ROIs1868,119,227,12,/LOCAL2/shvl/datasets/cloud_removal/SEN12MSCRTS_MODS/NanPixelsS1/ROIs1868/119/S1/12/s1_ROIs1868_119_ImgNo_12_2018-06-02_patch_227.tif
ROIs1868,119,228,12,/LOCAL2/shvl/datasets/cloud_removal/SEN12MSCRTS_MODS/NanPixelsS1/ROIs1868/119/S1/12/s1_ROIs1868_119_ImgNo_12_2018-06-02_patch_228.tif
ROIs1868,119,229,12,/LOCAL2/shvl/datasets/cloud_removal/SEN12MSCRTS_MODS/NanPixelsS1/ROIs1868/119/S1/12/s1_ROIs1868_119_ImgNo_12_2018-06-02_patch_229.tif
ROIs1868,119,230,12,/LOCAL2/shvl/datasets/cloud_removal/SEN12MSCRTS_MODS/NanPixelsS1/ROIs1868/119/S1/12/s1_ROIs1868_119_ImgNo_12_2018-06-02_patch_230.tif
ROIs1868,119,231,12,/LOCAL2/shvl/datasets/cloud_removal/SEN12MSCRTS_MODS/NanPixelsS1/ROIs1868/119/S1/12/s1_ROIs1868_119_ImgNo_12_2018-06-02_patch_231.tif
ROIs1868,119,232,12,/LOCAL2/shvl/datasets/cloud_removal/SEN12MSCRTS_MODS/NanPixelsS1/ROIs1868/119/S1/12/s1_ROIs1868_119_ImgNo_12_2018-06-02_patch_232.tif
ROIs1868,119,233,12,/LOCAL2/shvl/datasets/cloud_removal/SEN12MSCRTS_MODS/NanPixelsS1/ROIs1868/119/S1/12/s1_ROIs1868_119_ImgNo_12_2018-06-02_patch_233.tif
ROIs1868,119,234,12,/LOCAL2/shvl/datasets/cloud_removal/SEN12MSCRTS_MODS/NanPixelsS1/ROIs1868/119/S1/12/s1_ROIs1868_119_ImgNo_12_2018-06-02_patch_234.tif
ROIs1868,119,235,12,/LOCAL2/shvl/datasets/cloud_removal/SEN12MSCRTS_MODS/NanPixelsS1/ROIs1868/119/S1/12/s1_ROIs1868_119_ImgNo_12_2018-06-02_patch_235.tif
ROIs1868,119,236,12,/LOCAL2/shvl/datasets/cloud_removal/SEN12MSCRTS_MODS/NanPixelsS1/ROIs1868/119/S1/12/s1_ROIs1868_119_ImgNo_12_2018-06-02_patch_236.tif
ROIs1868,119,237,12,/LOCAL2/shvl/datasets/cloud_removal/SEN12MSCRTS_MODS/NanPixelsS1/ROIs1868/119/S1/12/s1_ROIs1868_119_ImgNo_12_2018-06-02_patch_237.tif
ROIs1868,119,238,12,/LOCAL2/shvl/datasets/cloud_removal/SEN12MSCRTS_MODS/NanPixelsS1/ROIs1868/119/S1/12/s1_ROIs1868_119_ImgNo_12_2018-06-02_patch_238.tif
ROIs1868,119,239,12,/LOCAL2/shvl/datasets/cloud_removal/SEN12MSCRTS_MODS/NanPixelsS1/ROIs1868/119/S1/12/s1_ROIs1868_119_ImgNo_12_2018-06-02_patch_239.tif
ROIs1868,119,244,12,/LOCAL2/shvl/datasets/cloud_removal/SEN12MSCRTS_MODS/NanPixelsS1/ROIs1868/119/S1/12/s1_ROIs1868_119_ImgNo_12_2018-06-02_patch_244.tif
ROIs1868,119,245,12,/LOCAL2/shvl/datasets/cloud_removal/SEN12MSCRTS_MODS/NanPixelsS1/ROIs1868/119/S1/12/s1_ROIs1868_119_ImgNo_12_2018-06-02_patch_245.tif
ROIs1868,119,246,12,/LOCAL2/shvl/datasets/cloud_removal/SEN12MSCRTS_MODS/NanPixelsS1/ROIs1868/119/S1/12/s1_ROIs1868_119_ImgNo_12_2018-06-02_patch_246.tif
ROIs1868,119,247,12,/LOCAL2/shvl/datasets/cloud_removal/SEN12MSCRTS_MODS/NanPixelsS1/ROIs1868/119/S1/12/s1_ROIs1868_119_ImgNo_12_2018-06-02_patch_247.tif
ROIs1868,119,248,12,/LOCAL2/shvl/datasets/cloud_removal/SEN12MSCRTS_MODS/NanPixelsS1/ROIs1868/119/S1/12/s1_ROIs1868_119_ImgNo_12_2018-06-02_patch_248.tif
ROIs1868,119,249,12,/LOCAL2/shvl/datasets/cloud_removal/SEN12MSCRTS_MODS/NanPixelsS1/ROIs1868/119/S1/12/s1_ROIs1868_119_ImgNo_12_2018-06-02_patch_249.tif
ROIs1868,119,250,12,/LOCAL2/shvl/datasets/cloud_removal/SEN12MSCRTS_MODS/NanPixelsS1/ROIs1868/119/S1/12/s1_ROIs1868_119_ImgNo_12_2018-06-02_patch_250.tif
ROIs1868,119,251,12,/LOCAL2/shvl/datasets/cloud_removal/SEN12MSCRTS_MODS/NanPixelsS1/ROIs1868/119/S1/12/s1_ROIs1868_119_ImgNo_12_2018-06-02_patch_251.tif
ROIs1868,119,254,12,/LOCAL2/shvl/datasets/cloud_removal/SEN12MSCRTS_MODS/NanPixelsS1/ROIs1868/119/S1/12/s1_ROIs1868_119_ImgNo_12_2018-06-02_patch_254.tif
ROIs1868,119,255,12,/LOCAL2/shvl/datasets/cloud_removal/SEN12MSCRTS_MODS/NanPixelsS1/ROIs1868/119/S1/12/s1_ROIs1868_119_ImgNo_12_2018-06-02_patch_255.tif
ROIs1868,119,256,12,/LOCAL2/shvl/datasets/cloud_removal/SEN12MSCRTS_MODS/NanPixelsS1/ROIs1868/119/S1/12/s1_ROIs1868_119_ImgNo_12_2018-06-02_patch_256.tif
ROIs1868,119,257,12,/LOCAL2/shvl/datasets/cloud_removal/SEN12MSCRTS_MODS/NanPixelsS1/ROIs1868/119/S1/12/s1_ROIs1868_119_ImgNo_12_2018-06-02_patch_257.tif
ROIs1868,119,258,12,/LOCAL2/shvl/datasets/cloud_removal/SEN12MSCRTS_MODS/NanPixelsS1/ROIs1868/119/S1/12/s1_ROIs1868_119_ImgNo_12_2018-06-02_patch_258.tif
ROIs1868,119,263,12,/LOCAL2/shvl/datasets/cloud_removal/SEN12MSCRTS_MODS/NanPixelsS1/ROIs1868/119/S1/12/s1_ROIs1868_119_ImgNo_12_2018-06-02_patch_263.tif
ROIs1868,119,264,12,/LOCAL2/shvl/datasets/cloud_removal/SEN12MSCRTS_MODS/NanPixelsS1/ROIs1868/119/S1/12/s1_ROIs1868_119_ImgNo_12_2018-06-02_patch_264.tif
ROIs1868,119,265,12,/LOCAL2/shvl/datasets/cloud_removal/SEN12MSCRTS_MODS/NanPixelsS1/ROIs1868/119/S1/12/s1_ROIs1868_119_ImgNo_12_2018-06-02_patch_265.tif
ROIs1868,119,266,12,/LOCAL2/shvl/datasets/cloud_removal/SEN12MSCRTS_MODS/NanPixelsS1/ROIs1868/119/S1/12/s1_ROIs1868_119_ImgNo_12_2018-06-02_patch_266.tif
ROIs1868,119,267,12,/LOCAL2/shvl/datasets/cloud_removal/SEN12MSCRTS_MODS/NanPixelsS1/ROIs1868/119/S1/12/s1_ROIs1868_119_ImgNo_12_2018-06-02_patch_267.tif
ROIs1868,119,268,12,/LOCAL2/shvl/datasets/cloud_removal/SEN12MSCRTS_MODS/NanPixelsS1/ROIs1868/119/S1/12/s1_ROIs1868_119_ImgNo_12_2018-06-02_patch_268.tif
ROIs1868,119,269,12,/LOCAL2/shvl/datasets/cloud_removal/SEN12MSCRTS_MODS/NanPixelsS1/ROIs1868/119/S1/12/s1_ROIs1868_119_ImgNo_12_2018-06-02_patch_269.tif
ROIs1868,119,270,12,/LOCAL2/shvl/datasets/cloud_removal/SEN12MSCRTS_MODS/NanPixelsS1/ROIs1868/119/S1/12/s1_ROIs1868_119_ImgNo_12_2018-06-02_patch_270.tif
ROIs1868,119,271,12,/LOCAL2/shvl/datasets/cloud_removal/SEN12MSCRTS_MODS/NanPixelsS1/ROIs1868/119/S1/12/s1_ROIs1868_119_ImgNo_12_2018-06-02_patch_271.tif
ROIs1868,119,272,12,/LOCAL2/shvl/datasets/cloud_removal/SEN12MSCRTS_MODS/NanPixelsS1/ROIs1868/119/S1/12/s1_ROIs1868_119_ImgNo_12_2018-06-02_patch_272.tif
ROIs1868,119,273,12,/LOCAL2/shvl/datasets/cloud_removal/SEN12MSCRTS_MODS/NanPixelsS1/ROIs1868/119/S1/12/s1_ROIs1868_119_ImgNo_12_2018-06-02_patch_273.tif
ROIs1868,119,274,12,/LOCAL2/shvl/datasets/cloud_removal/SEN12MSCRTS_MODS/NanPixelsS1/ROIs1868/119/S1/12/s1_ROIs1868_119_ImgNo_12_2018-06-02_patch_274.tif
ROIs1868,119,275,12,/LOCAL2/shvl/datasets/cloud_removal/SEN12MSCRTS_MODS/NanPixelsS1/ROIs1868/119/S1/12/s1_ROIs1868_119_ImgNo_12_2018-06-02_patch_275.tif
ROIs1868,119,276,12,/LOCAL2/shvl/datasets/cloud_removal/SEN12MSCRTS_MODS/NanPixelsS1/ROIs1868/119/S1/12/s1_ROIs1868_119_ImgNo_12_2018-06-02_patch_276.tif
ROIs1868,119,277,12,/LOCAL2/shvl/datasets/cloud_removal/SEN12MSCRTS_MODS/NanPixelsS1/ROIs1868/119/S1/12/s1_ROIs1868_119_ImgNo_12_2018-06-02_patch_277.tif
ROIs1868,119,278,12,/LOCAL2/shvl/datasets/cloud_removal/SEN12MSCRTS_MODS/NanPixelsS1/ROIs1868/119/S1/12/s1_ROIs1868_119_ImgNo_12_2018-06-02_patch_278.tif
ROIs1868,119,279,12,/LOCAL2/shvl/datasets/cloud_removal/SEN12MSCRTS_MODS/NanPixelsS1/ROIs1868/119/S1/12/s1_ROIs1868_119_ImgNo_12_2018-06-02_patch_279.tif
ROIs1868,119,281,12,/LOCAL2/shvl/datasets/cloud_removal/SEN12MSCRTS_MODS/NanPixelsS1/ROIs1868/119/S1/12/s1_ROIs1868_119_ImgNo_12_2018-06-02_patch_281.tif
ROIs1868,119,282,12,/LOCAL2/shvl/datasets/cloud_removal/SEN12MSCRTS_MODS/NanPixelsS1/ROIs1868/119/S1/12/s1_ROIs1868_119_ImgNo_12_2018-06-02_patch_282.tif
ROIs1868,119,283,12,/LOCAL2/shvl/datasets/cloud_removal/SEN12MSCRTS_MODS/NanPixelsS1/ROIs1868/119/S1/12/s1_ROIs1868_119_ImgNo_12_2018-06-02_patch_283.tif
ROIs1868,119,284,12,/LOCAL2/shvl/datasets/cloud_removal/SEN12MSCRTS_MODS/NanPixelsS1/ROIs1868/119/S1/12/s1_ROIs1868_119_ImgNo_12_2018-06-02_patch_284.tif
ROIs1868,119,285,12,/LOCAL2/shvl/datasets/cloud_removal/SEN12MSCRTS_MODS/NanPixelsS1/ROIs1868/119/S1/12/s1_ROIs1868_119_ImgNo_12_2018-06-02_patch_285.tif
ROIs1868,119,286,12,/LOCAL2/shvl/datasets/cloud_removal/SEN12MSCRTS_MODS/NanPixelsS1/ROIs1868/119/S1/12/s1_ROIs1868_119_ImgNo_12_2018-06-02_patch_286.tif
ROIs1868,119,287,12,/LOCAL2/shvl/datasets/cloud_removal/SEN12MSCRTS_MODS/NanPixelsS1/ROIs1868/119/S1/12/s1_ROIs1868_119_ImgNo_12_2018-06-02_patch_287.tif
ROIs1868,119,288,12,/LOCAL2/shvl/datasets/cloud_removal/SEN12MSCRTS_MODS/NanPixelsS1/ROIs1868/119/S1/12/s1_ROIs1868_119_ImgNo_12_2018-06-02_patch_288.tif
ROIs1868,119,289,12,/LOCAL2/shvl/datasets/cloud_removal/SEN12MSCRTS_MODS/NanPixelsS1/ROIs1868/119/S1/12/s1_ROIs1868_119_ImgNo_12_2018-06-02_patch_289.tif
ROIs1868,119,290,12,/LOCAL2/shvl/datasets/cloud_removal/SEN12MSCRTS_MODS/NanPixelsS1/ROIs1868/119/S1/12/s1_ROIs1868_119_ImgNo_12_2018-06-02_patch_290.tif
ROIs1868,119,291,12,/LOCAL2/shvl/datasets/cloud_removal/SEN12MSCRTS_MODS/NanPixelsS1/ROIs1868/119/S1/12/s1_ROIs1868_119_ImgNo_12_2018-06-02_patch_291.tif
ROIs1868,119,292,12,/LOCAL2/shvl/datasets/cloud_removal/SEN12MSCRTS_MODS/NanPixelsS1/ROIs1868/119/S1/12/s1_ROIs1868_119_ImgNo_12_2018-06-02_patch_292.tif
ROIs1868,119,293,12,/LOCAL2/shvl/datasets/cloud_removal/SEN12MSCRTS_MODS/NanPixelsS1/ROIs1868/119/S1/12/s1_ROIs1868_119_ImgNo_12_2018-06-02_patch_293.tif
ROIs1868,119,294,12,/LOCAL2/shvl/datasets/cloud_removal/SEN12MSCRTS_MODS/NanPixelsS1/ROIs1868/119/S1/12/s1_ROIs1868_119_ImgNo_12_2018-06-02_patch_294.tif
ROIs1868,119,295,12,/LOCAL2/shvl/datasets/cloud_removal/SEN12MSCRTS_MODS/NanPixelsS1/ROIs1868/119/S1/12/s1_ROIs1868_119_ImgNo_12_2018-06-02_patch_295.tif
ROIs1868,119,296,12,/LOCAL2/shvl/datasets/cloud_removal/SEN12MSCRTS_MODS/NanPixelsS1/ROIs1868/119/S1/12/s1_ROIs1868_119_ImgNo_12_2018-06-02_patch_296.tif
ROIs1868,119,297,12,/LOCAL2/shvl/datasets/cloud_removal/SEN12MSCRTS_MODS/NanPixelsS1/ROIs1868/119/S1/12/s1_ROIs1868_119_ImgNo_12_2018-06-02_patch_297.tif
ROIs1868,119,298,12,/LOCAL2/shvl/datasets/cloud_removal/SEN12MSCRTS_MODS/NanPixelsS1/ROIs1868/119/S1/12/s1_ROIs1868_119_ImgNo_12_2018-06-02_patch_298.tif
ROIs1868,119,299,12,/LOCAL2/shvl/datasets/cloud_removal/SEN12MSCRTS_MODS/NanPixelsS1/ROIs1868/119/S1/12/s1_ROIs1868_119_ImgNo_12_2018-06-02_patch_299.tif
ROIs1970,139,0,0,/LOCAL2/shvl/datasets/cloud_removal/SEN12MSCRTS_MODS/NanPixelsS1/ROIs1970/139/S1/0/s1_ROIs1970_139_ImgNo_0_2018-01-10_patch_0.tif
ROIs1970,139,0,1,/LOCAL2/shvl/datasets/cloud_removal/SEN12MSCRTS_MODS/NanPixelsS1/ROIs1970/139/S1/1/s1_ROIs1970_139_ImgNo_1_2018-01-22_patch_0.tif
ROIs1970,139,0,2,/LOCAL2/shvl/datasets/cloud_removal/SEN12MSCRTS_MODS/NanPixelsS1/ROIs1970/139/S1/2/s1_ROIs1970_139_ImgNo_2_2018-02-03_patch_0.tif
ROIs1970,139,0,3,/LOCAL2/shvl/datasets/cloud_removal/SEN12MSCRTS_MODS/NanPixelsS1/ROIs1970/139/S1/3/s1_ROIs1970_139_ImgNo_3_2018-02-15_patch_0.tif
ROIs1970,139,0,4,/LOCAL2/shvl/datasets/cloud_removal/SEN12MSCRTS_MODS/NanPixelsS1/ROIs1970/139/S1/4/s1_ROIs1970_139_ImgNo_4_2018-02-27_patch_0.tif
ROIs1970,139,0,5,/LOCAL2/shvl/datasets/cloud_removal/SEN12MSCRTS_MODS/NanPixelsS1/ROIs1970/139/S1/5/s1_ROIs1970_139_ImgNo_5_2018-03-11_patch_0.tif
ROIs1970,139,0,6,/LOCAL2/shvl/datasets/cloud_removal/SEN12MSCRTS_MODS/NanPixelsS1/ROIs1970/139/S1/6/s1_ROIs1970_139_ImgNo_6_2018-03-23_patch_0.tif
ROIs1970,139,0,7,/LOCAL2/shvl/datasets/cloud_removal/SEN12MSCRTS_MODS/NanPixelsS1/ROIs1970/139/S1/7/s1_ROIs1970_139_ImgNo_7_2018-04-04_patch_0.tif
ROIs1970,139,0,8,/LOCAL2/shvl/datasets/cloud_removal/SEN12MSCRTS_MODS/NanPixelsS1/ROIs1970/139/S1/8/s1_ROIs1970_139_ImgNo_8_2018-04-16_patch_0.tif
ROIs1970,139,0,9,/LOCAL2/shvl/datasets/cloud_removal/SEN12MSCRTS_MODS/NanPixelsS1/ROIs1970/139/S1/9/s1_ROIs1970_139_ImgNo_9_2018-04-28_patch_0.tif
ROIs1970,139,0,10,/LOCAL2/shvl/datasets/cloud_removal/SEN12MSCRTS_MODS/NanPixelsS1/ROIs1970/139/S1/10/s1_ROIs1970_139_ImgNo_10_2018-05-10_patch_0.tif
ROIs1970,139,0,11,/LOCAL2/shvl/datasets/cloud_removal/SEN12MSCRTS_MODS/NanPixelsS1/ROIs1970/139/S1/11/s1_ROIs1970_139_ImgNo_11_2018-05-22_patch_0.tif
ROIs1970,139,0,12,/LOCAL2/shvl/datasets/cloud_removal/SEN12MSCRTS_MODS/NanPixelsS1/ROIs1970/139/S1/12/s1_ROIs1970_139_ImgNo_12_2018-06-03_patch_0.tif
ROIs1970,139,0,13,/LOCAL2/shvl/datasets/cloud_removal/SEN12MSCRTS_MODS/NanPixelsS1/ROIs1970/139/S1/13/s1_ROIs1970_139_ImgNo_13_2018-06-15_patch_0.tif
ROIs1970,139,0,14,/LOCAL2/shvl/datasets/cloud_removal/SEN12MSCRTS_MODS/NanPixelsS1/ROIs1970/139/S1/14/s1_ROIs1970_139_ImgNo_14_2018-06-27_patch_0.tif
ROIs1970,139,0,15,/LOCAL2/shvl/datasets/cloud_removal/SEN12MSCRTS_MODS/NanPixelsS1/ROIs1970/139/S1/15/s1_ROIs1970_139_ImgNo_15_2018-07-09_patch_0.tif
ROIs1970,139,0,16,/LOCAL2/shvl/datasets/cloud_removal/SEN12MSCRTS_MODS/NanPixelsS1/ROIs1970/139/S1/16/s1_ROIs1970_139_ImgNo_16_2018-07-21_patch_0.tif
ROIs1970,139,0,17,/LOCAL2/shvl/datasets/cloud_removal/SEN12MSCRTS_MODS/NanPixelsS1/ROIs1970/139/S1/17/s1_ROIs1970_139_ImgNo_17_2018-08-02_patch_0.tif
ROIs1970,139,0,18,/LOCAL2/shvl/datasets/cloud_removal/SEN12MSCRTS_MODS/NanPixelsS1/ROIs1970/139/S1/18/s1_ROIs1970_139_ImgNo_18_2018-08-14_patch_0.tif
ROIs1970,139,0,19,/LOCAL2/shvl/datasets/cloud_removal/SEN12MSCRTS_MODS/NanPixelsS1/ROIs1970/139/S1/19/s1_ROIs1970_139_ImgNo_19_2018-08-26_patch_0.tif
ROIs1970,139,0,20,/LOCAL2/shvl/datasets/cloud_removal/SEN12MSCRTS_MODS/NanPixelsS1/ROIs1970/139/S1/20/s1_ROIs1970_139_ImgNo_20_2018-09-07_patch_0.tif
ROIs1970,139,0,21,/LOCAL2/shvl/datasets/cloud_removal/SEN12MSCRTS_MODS/NanPixelsS1/ROIs1970/139/S1/21/s1_ROIs1970_139_ImgNo_21_2018-09-19_patch_0.tif
ROIs1970,139,0,22,/LOCAL2/shvl/datasets/cloud_removal/SEN12MSCRTS_MODS/NanPixelsS1/ROIs1970/139/S1/22/s1_ROIs1970_139_ImgNo_22_2018-10-01_patch_0.tif
ROIs1970,139,0,23,/LOCAL2/shvl/datasets/cloud_removal/SEN12MSCRTS_MODS/NanPixelsS1/ROIs1970/139/S1/23/s1_ROIs1970_139_ImgNo_23_2018-10-13_patch_0.tif
ROIs1970,139,0,24,/LOCAL2/shvl/datasets/cloud_removal/SEN12MSCRTS_MODS/NanPixelsS1/ROIs1970/139/S1/24/s1_ROIs1970_139_ImgNo_24_2018-10-25_patch_0.tif
ROIs1970,139,0,25,/LOCAL2/shvl/datasets/cloud_removal/SEN12MSCRTS_MODS/NanPixelsS1/ROIs1970/139/S1/25/s1_ROIs1970_139_ImgNo_25_2018-11-06_patch_0.tif
ROIs1970,139,0,26,/LOCAL2/shvl/datasets/cloud_removal/SEN12MSCRTS_MODS/NanPixelsS1/ROIs1970/139/S1/26/s1_ROIs1970_139_ImgNo_26_2018-11-18_patch_0.tif
ROIs1970,139,0,27,/LOCAL2/shvl/datasets/cloud_removal/SEN12MSCRTS_MODS/NanPixelsS1/ROIs1970/139/S1/27/s1_ROIs1970_139_ImgNo_27_2018-11-30_patch_0.tif
ROIs1970,139,0,28,/LOCAL2/shvl/datasets/cloud_removal/SEN12MSCRTS_MODS/NanPixelsS1/ROIs1970/139/S1/28/s1_ROIs1970_139_ImgNo_28_2018-12-12_patch_0.tif
ROIs1970,139,0,29,/LOCAL2/shvl/datasets/cloud_removal/SEN12MSCRTS_MODS/NanPixelsS1/ROIs1970/139/S1/29/s1_ROIs1970_139_ImgNo_29_2018-12-24_patch_0.tif
