ROI,tile,patch,timestep,0
ROIsAzuaga,42,0,8,True
ROIsAzuaga,42,0,9,True
ROIsAzuaga,42,0,10,True
ROIsAzuaga,42,0,11,True
ROIsAzuaga,42,0,12,True
ROIsAzuaga,42,0,13,True
ROIsAzuaga,42,0,14,True
ROIsAzuaga,42,0,15,True
ROIsAzuaga,42,0,16,True
ROIsAzuaga,42,0,17,True
ROIsAzuaga,42,0,18,True
ROIsAzuaga,42,0,20,True
ROIsAzuaga,42,0,21,True
ROIsAzuaga,42,0,22,True
ROIsAzuaga,42,0,23,True
ROIsAzuaga,42,0,24,True
ROIsAzuaga,42,0,25,True
ROIsAzuaga,42,0,26,True
ROIsAzuaga,42,1,8,True
ROIsAzuaga,42,1,9,True
ROIsAzuaga,42,1,10,True
ROIsAzuaga,42,1,12,True
ROIsAzuaga,42,1,13,True
ROIsAzuaga,42,1,14,True
ROIsAzuaga,42,1,15,True
ROIsAzuaga,42,1,16,True
ROIsAzuaga,42,1,17,True
ROIsAzuaga,42,1,18,True
ROIsAzuaga,42,1,20,True
ROIsAzuaga,42,1,21,True
ROIsAzuaga,42,1,22,True
ROIsAzuaga,42,1,24,True
ROIsAzuaga,42,1,25,True
ROIsAzuaga,42,1,26,True
ROIsAzuaga,42,2,6,True
ROIsAzuaga,42,2,8,True
ROIsAzuaga,42,2,9,True
ROIsAzuaga,42,2,10,True
ROIsAzuaga,42,2,12,True
ROIsAzuaga,42,2,13,True
ROIsAzuaga,42,2,14,True
ROIsAzuaga,42,2,15,True
ROIsAzuaga,42,2,16,True
ROIsAzuaga,42,2,17,True
ROIsAzuaga,42,2,18,True
ROIsAzuaga,42,2,20,True
ROIsAzuaga,42,2,21,True
ROIsAzuaga,42,2,22,True
ROIsAzuaga,42,2,25,True
ROIsAzuaga,42,2,26,True
ROIsAzuaga,42,2,27,True
ROIsAzuaga,42,3,6,True
ROIsAzuaga,42,3,8,True
ROIsAzuaga,42,3,9,True
ROIsAzuaga,42,3,10,True
ROIsAzuaga,42,3,12,True
ROIsAzuaga,42,3,13,True
ROIsAzuaga,42,3,14,True
ROIsAzuaga,42,3,15,True
ROIsAzuaga,42,3,16,True
ROIsAzuaga,42,3,17,True
ROIsAzuaga,42,3,18,True
ROIsAzuaga,42,3,20,True
ROIsAzuaga,42,3,21,True
ROIsAzuaga,42,3,22,True
ROIsAzuaga,42,3,25,True
ROIsAzuaga,42,3,26,True
ROIsAzuaga,42,4,6,True
ROIsAzuaga,42,4,9,True
ROIsAzuaga,42,4,10,True
ROIsAzuaga,42,4,12,True
ROIsAzuaga,42,4,13,True
ROIsAzuaga,42,4,14,True
ROIsAzuaga,42,4,15,True
ROIsAzuaga,42,4,16,True
ROIsAzuaga,42,4,17,True
ROIsAzuaga,42,4,18,True
ROIsAzuaga,42,4,20,True
ROIsAzuaga,42,4,22,True
ROIsAzuaga,42,4,25,True
ROIsAzuaga,42,4,26,True
ROIsAzuaga,42,5,6,True
ROIsAzuaga,42,5,8,True
ROIsAzuaga,42,5,9,True
ROIsAzuaga,42,5,10,True
ROIsAzuaga,42,5,12,True
ROIsAzuaga,42,5,14,True
ROIsAzuaga,42,5,15,True
ROIsAzuaga,42,5,16,True
ROIsAzuaga,42,5,17,True
ROIsAzuaga,42,5,18,True
ROIsAzuaga,42,5,20,True
ROIsAzuaga,42,5,22,True
ROIsAzuaga,42,5,25,True
ROIsAzuaga,42,5,26,True
ROIsAzuaga,42,5,27,True
ROIsAzuaga,42,6,6,True
ROIsAzuaga,42,6,9,True
ROIsAzuaga,42,6,10,True
ROIsAzuaga,42,6,12,True
ROIsAzuaga,42,6,13,True
ROIsAzuaga,42,6,14,True
ROIsAzuaga,42,6,15,True
ROIsAzuaga,42,6,16,True
ROIsAzuaga,42,6,17,True
ROIsAzuaga,42,6,18,True
ROIsAzuaga,42,6,20,True
ROIsAzuaga,42,6,21,True
ROIsAzuaga,42,6,22,True
ROIsAzuaga,42,6,25,True
ROIsAzuaga,42,6,26,True
ROIsAzuaga,42,6,27,True
ROIsAzuaga,42,7,6,True
ROIsAzuaga,42,7,9,True
ROIsAzuaga,42,7,10,True
ROIsAzuaga,42,7,12,True
ROIsAzuaga,42,7,14,True
ROIsAzuaga,42,7,15,True
ROIsAzuaga,42,7,16,True
ROIsAzuaga,42,7,17,True
ROIsAzuaga,42,7,18,True
ROIsAzuaga,42,7,20,True
ROIsAzuaga,42,7,22,True
ROIsAzuaga,42,7,24,True
ROIsAzuaga,42,7,25,True
ROIsAzuaga,42,7,26,True
ROIsAzuaga,42,8,6,True
ROIsAzuaga,42,8,9,True
ROIsAzuaga,42,8,10,True
ROIsAzuaga,42,8,12,True
ROIsAzuaga,42,8,13,True
ROIsAzuaga,42,8,14,True
ROIsAzuaga,42,8,15,True
ROIsAzuaga,42,8,16,True
ROIsAzuaga,42,8,17,True
ROIsAzuaga,42,8,18,True
ROIsAzuaga,42,8,20,True
ROIsAzuaga,42,8,21,True
ROIsAzuaga,42,8,22,True
ROIsAzuaga,42,8,24,True
ROIsAzuaga,42,8,25,True
ROIsAzuaga,42,8,26,True
ROIsAzuaga,42,9,6,True
ROIsAzuaga,42,9,9,True
ROIsAzuaga,42,9,10,True
ROIsAzuaga,42,9,12,True
ROIsAzuaga,42,9,13,True
ROIsAzuaga,42,9,14,True
ROIsAzuaga,42,9,15,True
ROIsAzuaga,42,9,16,True
ROIsAzuaga,42,9,17,True
ROIsAzuaga,42,9,18,True
ROIsAzuaga,42,9,20,True
ROIsAzuaga,42,9,21,True
ROIsAzuaga,42,9,22,True
ROIsAzuaga,42,9,25,True
ROIsAzuaga,42,9,26,True
ROIsAzuaga,42,10,6,True
ROIsAzuaga,42,10,9,True
ROIsAzuaga,42,10,10,True
ROIsAzuaga,42,10,12,True
ROIsAzuaga,42,10,13,True
ROIsAzuaga,42,10,14,True
ROIsAzuaga,42,10,15,True
ROIsAzuaga,42,10,16,True
ROIsAzuaga,42,10,17,True
ROIsAzuaga,42,10,18,True
ROIsAzuaga,42,10,19,True
ROIsAzuaga,42,10,20,True
ROIsAzuaga,42,10,21,True
ROIsAzuaga,42,10,22,True
ROIsAzuaga,42,10,25,True
ROIsAzuaga,42,10,26,True
ROIsAzuaga,42,11,6,True
ROIsAzuaga,42,11,9,True
ROIsAzuaga,42,11,10,True
ROIsAzuaga,42,11,12,True
ROIsAzuaga,42,11,13,True
ROIsAzuaga,42,11,14,True
ROIsAzuaga,42,11,15,True
ROIsAzuaga,42,11,16,True
ROIsAzuaga,42,11,17,True
ROIsAzuaga,42,11,18,True
ROIsAzuaga,42,11,20,True
ROIsAzuaga,42,11,21,True
ROIsAzuaga,42,11,22,True
ROIsAzuaga,42,11,24,True
ROIsAzuaga,42,11,25,True
ROIsAzuaga,42,11,26,True
ROIsAzuaga,42,12,6,True
ROIsAzuaga,42,12,8,True
ROIsAzuaga,42,12,9,True
ROIsAzuaga,42,12,10,True
ROIsAzuaga,42,12,12,True
ROIsAzuaga,42,12,13,True
ROIsAzuaga,42,12,14,True
ROIsAzuaga,42,12,15,True
ROIsAzuaga,42,12,16,True
ROIsAzuaga,42,12,17,True
ROIsAzuaga,42,12,18,True
ROIsAzuaga,42,12,19,True
ROIsAzuaga,42,12,20,True
ROIsAzuaga,42,12,21,True
ROIsAzuaga,42,12,22,True
ROIsAzuaga,42,12,24,True
ROIsAzuaga,42,12,25,True
ROIsAzuaga,42,12,26,True
ROIsAzuaga,42,13,6,True
ROIsAzuaga,42,13,8,True
ROIsAzuaga,42,13,9,True
ROIsAzuaga,42,13,10,True
ROIsAzuaga,42,13,12,True
ROIsAzuaga,42,13,13,True
ROIsAzuaga,42,13,14,True
ROIsAzuaga,42,13,15,True
ROIsAzuaga,42,13,16,True
ROIsAzuaga,42,13,17,True
ROIsAzuaga,42,13,18,True
ROIsAzuaga,42,13,20,True
ROIsAzuaga,42,13,21,True
ROIsAzuaga,42,13,22,True
ROIsAzuaga,42,13,24,True
ROIsAzuaga,42,13,25,True
ROIsAzuaga,42,13,26,True
ROIsAzuaga,42,14,6,True
ROIsAzuaga,42,14,7,True
ROIsAzuaga,42,14,8,True
ROIsAzuaga,42,14,9,True
ROIsAzuaga,42,14,10,True
ROIsAzuaga,42,14,12,True
ROIsAzuaga,42,14,13,True
ROIsAzuaga,42,14,14,True
ROIsAzuaga,42,14,15,True
ROIsAzuaga,42,14,16,True
ROIsAzuaga,42,14,17,True
ROIsAzuaga,42,14,18,True
ROIsAzuaga,42,14,20,True
ROIsAzuaga,42,14,21,True
ROIsAzuaga,42,14,22,True
ROIsAzuaga,42,14,24,True
ROIsAzuaga,42,14,25,True
ROIsAzuaga,42,14,26,True
ROIsAzuaga,42,15,6,True
ROIsAzuaga,42,15,7,True
ROIsAzuaga,42,15,8,True
ROIsAzuaga,42,15,9,True
ROIsAzuaga,42,15,10,True
ROIsAzuaga,42,15,12,True
ROIsAzuaga,42,15,14,True
ROIsAzuaga,42,15,16,True
ROIsAzuaga,42,15,17,True
ROIsAzuaga,42,15,18,True
ROIsAzuaga,42,15,20,True
ROIsAzuaga,42,15,21,True
ROIsAzuaga,42,15,22,True
ROIsAzuaga,42,15,24,True
ROIsAzuaga,42,15,25,True
ROIsAzuaga,42,15,26,True
ROIsAzuaga,42,16,6,True
ROIsAzuaga,42,16,7,True
ROIsAzuaga,42,16,8,True
ROIsAzuaga,42,16,9,True
ROIsAzuaga,42,16,10,True
ROIsAzuaga,42,16,12,True
ROIsAzuaga,42,16,13,True
ROIsAzuaga,42,16,14,True
ROIsAzuaga,42,16,16,True
ROIsAzuaga,42,16,17,True
ROIsAzuaga,42,16,18,True
ROIsAzuaga,42,16,20,True
ROIsAzuaga,42,16,21,True
ROIsAzuaga,42,16,22,True
ROIsAzuaga,42,16,24,True
ROIsAzuaga,42,16,25,True
ROIsAzuaga,42,16,26,True
ROIsAzuaga,42,16,27,True
ROIsAzuaga,42,17,6,True
ROIsAzuaga,42,17,7,True
ROIsAzuaga,42,17,8,True
ROIsAzuaga,42,17,9,True
ROIsAzuaga,42,17,12,True
ROIsAzuaga,42,17,13,True
ROIsAzuaga,42,17,15,True
ROIsAzuaga,42,17,16,True
ROIsAzuaga,42,17,17,True
ROIsAzuaga,42,17,18,True
ROIsAzuaga,42,17,20,True
ROIsAzuaga,42,17,21,True
ROIsAzuaga,42,17,22,True
ROIsAzuaga,42,17,23,True
ROIsAzuaga,42,17,26,True
ROIsAzuaga,42,18,7,True
ROIsAzuaga,42,18,8,True
ROIsAzuaga,42,18,9,True
ROIsAzuaga,42,18,10,True
ROIsAzuaga,42,18,12,True
ROIsAzuaga,42,18,13,True
ROIsAzuaga,42,18,14,True
ROIsAzuaga,42,18,15,True
ROIsAzuaga,42,18,16,True
ROIsAzuaga,42,18,17,True
ROIsAzuaga,42,18,18,True
ROIsAzuaga,42,18,20,True
ROIsAzuaga,42,18,21,True
ROIsAzuaga,42,18,22,True
ROIsAzuaga,42,18,24,True
ROIsAzuaga,42,18,25,True
ROIsAzuaga,42,18,26,True
ROIsAzuaga,42,19,6,True
ROIsAzuaga,42,19,8,True
ROIsAzuaga,42,19,9,True
ROIsAzuaga,42,19,10,True
ROIsAzuaga,42,19,12,True
ROIsAzuaga,42,19,13,True
ROIsAzuaga,42,19,14,True
ROIsAzuaga,42,19,15,True
ROIsAzuaga,42,19,16,True
ROIsAzuaga,42,19,17,True
ROIsAzuaga,42,19,18,True
ROIsAzuaga,42,19,20,True
ROIsAzuaga,42,19,21,True
ROIsAzuaga,42,19,22,True
ROIsAzuaga,42,19,25,True
ROIsAzuaga,42,19,26,True
ROIsAzuaga,42,20,6,True
ROIsAzuaga,42,20,8,True
ROIsAzuaga,42,20,9,True
ROIsAzuaga,42,20,10,True
ROIsAzuaga,42,20,12,True
ROIsAzuaga,42,20,13,True
ROIsAzuaga,42,20,14,True
ROIsAzuaga,42,20,15,True
ROIsAzuaga,42,20,16,True
ROIsAzuaga,42,20,17,True
ROIsAzuaga,42,20,18,True
ROIsAzuaga,42,20,20,True
ROIsAzuaga,42,20,21,True
ROIsAzuaga,42,20,22,True
ROIsAzuaga,42,20,25,True
ROIsAzuaga,42,20,26,True
ROIsAzuaga,42,21,6,True
ROIsAzuaga,42,21,9,True
ROIsAzuaga,42,21,10,True
ROIsAzuaga,42,21,12,True
ROIsAzuaga,42,21,13,True
ROIsAzuaga,42,21,14,True
ROIsAzuaga,42,21,15,True
ROIsAzuaga,42,21,16,True
ROIsAzuaga,42,21,17,True
ROIsAzuaga,42,21,18,True
ROIsAzuaga,42,21,20,True
ROIsAzuaga,42,21,21,True
ROIsAzuaga,42,21,22,True
ROIsAzuaga,42,21,25,True
ROIsAzuaga,42,21,26,True
ROIsAzuaga,42,21,27,True
ROIsAzuaga,42,22,6,True
ROIsAzuaga,42,22,8,True
ROIsAzuaga,42,22,9,True
ROIsAzuaga,42,22,10,True
ROIsAzuaga,42,22,12,True
ROIsAzuaga,42,22,13,True
ROIsAzuaga,42,22,14,True
ROIsAzuaga,42,22,15,True
ROIsAzuaga,42,22,16,True
ROIsAzuaga,42,22,17,True
ROIsAzuaga,42,22,18,True
ROIsAzuaga,42,22,20,True
ROIsAzuaga,42,22,21,True
ROIsAzuaga,42,22,22,True
ROIsAzuaga,42,22,23,True
ROIsAzuaga,42,22,25,True
ROIsAzuaga,42,22,26,True
ROIsAzuaga,42,22,27,True
ROIsAzuaga,42,23,6,True
ROIsAzuaga,42,23,8,True
ROIsAzuaga,42,23,9,True
ROIsAzuaga,42,23,10,True
ROIsAzuaga,42,23,12,True
ROIsAzuaga,42,23,13,True
ROIsAzuaga,42,23,14,True
ROIsAzuaga,42,23,15,True
ROIsAzuaga,42,23,16,True
ROIsAzuaga,42,23,17,True
ROIsAzuaga,42,23,18,True
ROIsAzuaga,42,23,20,True
ROIsAzuaga,42,23,21,True
ROIsAzuaga,42,23,22,True
ROIsAzuaga,42,23,23,True
ROIsAzuaga,42,23,25,True
ROIsAzuaga,42,23,26,True
ROIsAzuaga,42,23,27,True
ROIsAzuaga,42,24,6,True
ROIsAzuaga,42,24,9,True
ROIsAzuaga,42,24,10,True
ROIsAzuaga,42,24,11,True
ROIsAzuaga,42,24,12,True
ROIsAzuaga,42,24,14,True
ROIsAzuaga,42,24,15,True
ROIsAzuaga,42,24,16,True
ROIsAzuaga,42,24,17,True
ROIsAzuaga,42,24,18,True
ROIsAzuaga,42,24,20,True
ROIsAzuaga,42,24,21,True
ROIsAzuaga,42,24,22,True
ROIsAzuaga,42,24,23,True
ROIsAzuaga,42,24,24,True
ROIsAzuaga,42,24,25,True
ROIsAzuaga,42,24,26,True
ROIsAzuaga,42,25,6,True
ROIsAzuaga,42,25,9,True
ROIsAzuaga,42,25,10,True
ROIsAzuaga,42,25,12,True
ROIsAzuaga,42,25,13,True
ROIsAzuaga,42,25,14,True
ROIsAzuaga,42,25,15,True
ROIsAzuaga,42,25,16,True
ROIsAzuaga,42,25,17,True
ROIsAzuaga,42,25,18,True
ROIsAzuaga,42,25,20,True
ROIsAzuaga,42,25,21,True
ROIsAzuaga,42,25,22,True
ROIsAzuaga,42,25,23,True
ROIsAzuaga,42,25,24,True
ROIsAzuaga,42,25,25,True
ROIsAzuaga,42,25,26,True
ROIsAzuaga,42,25,29,True
ROIsAzuaga,42,26,6,True
ROIsAzuaga,42,26,8,True
ROIsAzuaga,42,26,9,True
ROIsAzuaga,42,26,10,True
ROIsAzuaga,42,26,12,True
ROIsAzuaga,42,26,13,True
ROIsAzuaga,42,26,14,True
ROIsAzuaga,42,26,16,True
ROIsAzuaga,42,26,17,True
ROIsAzuaga,42,26,18,True
ROIsAzuaga,42,26,20,True
ROIsAzuaga,42,26,22,True
ROIsAzuaga,42,26,24,True
ROIsAzuaga,42,26,25,True
ROIsAzuaga,42,26,26,True
ROIsAzuaga,42,26,27,True
ROIsAzuaga,42,27,6,True
ROIsAzuaga,42,27,8,True
ROIsAzuaga,42,27,9,True
ROIsAzuaga,42,27,10,True
ROIsAzuaga,42,27,12,True
ROIsAzuaga,42,27,13,True
ROIsAzuaga,42,27,14,True
ROIsAzuaga,42,27,16,True
ROIsAzuaga,42,27,17,True
ROIsAzuaga,42,27,18,True
ROIsAzuaga,42,27,20,True
ROIsAzuaga,42,27,21,True
ROIsAzuaga,42,27,22,True
ROIsAzuaga,42,27,24,True
ROIsAzuaga,42,27,25,True
ROIsAzuaga,42,27,26,True
ROIsAzuaga,42,27,27,True
ROIsAzuaga,42,28,6,True
ROIsAzuaga,42,28,8,True
ROIsAzuaga,42,28,9,True
ROIsAzuaga,42,28,10,True
ROIsAzuaga,42,28,12,True
ROIsAzuaga,42,28,14,True
ROIsAzuaga,42,28,16,True
ROIsAzuaga,42,28,17,True
ROIsAzuaga,42,28,18,True
ROIsAzuaga,42,28,20,True
ROIsAzuaga,42,28,22,True
ROIsAzuaga,42,28,25,True
ROIsAzuaga,42,28,26,True
ROIsAzuaga,42,29,6,True
ROIsAzuaga,42,29,8,True
ROIsAzuaga,42,29,9,True
ROIsAzuaga,42,29,10,True
ROIsAzuaga,42,29,12,True
ROIsAzuaga,42,29,13,True
ROIsAzuaga,42,29,14,True
ROIsAzuaga,42,29,15,True
ROIsAzuaga,42,29,16,True
ROIsAzuaga,42,29,17,True
ROIsAzuaga,42,29,18,True
ROIsAzuaga,42,29,20,True
ROIsAzuaga,42,29,21,True
ROIsAzuaga,42,29,22,True
ROIsAzuaga,42,29,25,True
ROIsAzuaga,42,29,26,True
ROIsAzuaga,42,30,6,True
ROIsAzuaga,42,30,8,True
ROIsAzuaga,42,30,9,True
ROIsAzuaga,42,30,10,True
ROIsAzuaga,42,30,12,True
ROIsAzuaga,42,30,13,True
ROIsAzuaga,42,30,14,True
ROIsAzuaga,42,30,16,True
ROIsAzuaga,42,30,17,True
ROIsAzuaga,42,30,18,True
ROIsAzuaga,42,30,20,True
ROIsAzuaga,42,30,21,True
ROIsAzuaga,42,30,22,True
ROIsAzuaga,42,30,25,True
ROIsAzuaga,42,30,26,True
ROIsAzuaga,42,31,6,True
ROIsAzuaga,42,31,8,True
ROIsAzuaga,42,31,9,True
ROIsAzuaga,42,31,10,True
ROIsAzuaga,42,31,12,True
ROIsAzuaga,42,31,13,True
ROIsAzuaga,42,31,14,True
ROIsAzuaga,42,31,16,True
ROIsAzuaga,42,31,17,True
ROIsAzuaga,42,31,18,True
ROIsAzuaga,42,31,20,True
ROIsAzuaga,42,31,21,True
ROIsAzuaga,42,31,22,True
ROIsAzuaga,42,31,25,True
ROIsAzuaga,42,31,26,True
ROIsAzuaga,42,32,6,True
ROIsAzuaga,42,32,7,True
ROIsAzuaga,42,32,8,True
ROIsAzuaga,42,32,9,True
ROIsAzuaga,42,32,10,True
ROIsAzuaga,42,32,12,True
ROIsAzuaga,42,32,13,True
ROIsAzuaga,42,32,14,True
ROIsAzuaga,42,32,16,True
ROIsAzuaga,42,32,17,True
ROIsAzuaga,42,32,18,True
ROIsAzuaga,42,32,20,True
ROIsAzuaga,42,32,21,True
ROIsAzuaga,42,32,22,True
ROIsAzuaga,42,32,25,True
ROIsAzuaga,42,32,26,True
ROIsAzuaga,42,33,6,True
ROIsAzuaga,42,33,7,True
ROIsAzuaga,42,33,8,True
ROIsAzuaga,42,33,9,True
ROIsAzuaga,42,33,10,True
ROIsAzuaga,42,33,12,True
ROIsAzuaga,42,33,13,True
ROIsAzuaga,42,33,14,True
ROIsAzuaga,42,33,16,True
ROIsAzuaga,42,33,17,True
ROIsAzuaga,42,33,18,True
ROIsAzuaga,42,33,20,True
ROIsAzuaga,42,33,21,True
ROIsAzuaga,42,33,22,True
ROIsAzuaga,42,33,25,True
ROIsAzuaga,42,33,26,True
ROIsAzuaga,42,34,6,True
ROIsAzuaga,42,34,8,True
ROIsAzuaga,42,34,9,True
ROIsAzuaga,42,34,10,True
ROIsAzuaga,42,34,11,True
ROIsAzuaga,42,34,12,True
ROIsAzuaga,42,34,13,True
ROIsAzuaga,42,34,14,True
ROIsAzuaga,42,34,15,True
ROIsAzuaga,42,34,16,True
ROIsAzuaga,42,34,17,True
ROIsAzuaga,42,34,18,True
ROIsAzuaga,42,34,20,True
ROIsAzuaga,42,34,21,True
ROIsAzuaga,42,34,22,True
ROIsAzuaga,42,34,26,True
ROIsAzuaga,42,34,29,True
ROIsAzuaga,42,35,8,True
ROIsAzuaga,42,35,9,True
ROIsAzuaga,42,35,10,True
ROIsAzuaga,42,35,12,True
ROIsAzuaga,42,35,13,True
ROIsAzuaga,42,35,14,True
ROIsAzuaga,42,35,15,True
ROIsAzuaga,42,35,16,True
ROIsAzuaga,42,35,17,True
ROIsAzuaga,42,35,18,True
ROIsAzuaga,42,35,20,True
ROIsAzuaga,42,35,21,True
ROIsAzuaga,42,35,22,True
ROIsAzuaga,42,35,25,True
ROIsAzuaga,42,35,26,True
ROIsAzuaga,42,35,29,True
ROIsAzuaga,42,36,8,True
ROIsAzuaga,42,36,9,True
ROIsAzuaga,42,36,10,True
ROIsAzuaga,42,36,12,True
ROIsAzuaga,42,36,13,True
ROIsAzuaga,42,36,14,True
ROIsAzuaga,42,36,15,True
ROIsAzuaga,42,36,16,True
ROIsAzuaga,42,36,17,True
ROIsAzuaga,42,36,18,True
ROIsAzuaga,42,36,20,True
ROIsAzuaga,42,36,21,True
ROIsAzuaga,42,36,22,True
ROIsAzuaga,42,36,23,True
ROIsAzuaga,42,36,25,True
ROIsAzuaga,42,36,26,True
ROIsAzuaga,42,36,27,True
ROIsAzuaga,42,37,6,True
ROIsAzuaga,42,37,9,True
ROIsAzuaga,42,37,10,True
ROIsAzuaga,42,37,12,True
ROIsAzuaga,42,37,13,True
ROIsAzuaga,42,37,14,True
ROIsAzuaga,42,37,15,True
ROIsAzuaga,42,37,16,True
ROIsAzuaga,42,37,17,True
ROIsAzuaga,42,37,18,True
ROIsAzuaga,42,37,20,True
ROIsAzuaga,42,37,21,True
ROIsAzuaga,42,37,22,True
ROIsAzuaga,42,37,24,True
ROIsAzuaga,42,37,25,True
ROIsAzuaga,42,37,26,True
ROIsAzuaga,42,38,6,True
ROIsAzuaga,42,38,9,True
ROIsAzuaga,42,38,10,True
ROIsAzuaga,42,38,12,True
ROIsAzuaga,42,38,14,True
ROIsAzuaga,42,38,15,True
ROIsAzuaga,42,38,16,True
ROIsAzuaga,42,38,17,True
ROIsAzuaga,42,38,18,True
ROIsAzuaga,42,38,20,True
ROIsAzuaga,42,38,21,True
ROIsAzuaga,42,38,22,True
ROIsAzuaga,42,38,23,True
ROIsAzuaga,42,38,25,True
ROIsAzuaga,42,38,26,True
ROIsAzuaga,42,38,27,True
ROIsAzuaga,42,39,6,True
ROIsAzuaga,42,39,9,True
ROIsAzuaga,42,39,10,True
ROIsAzuaga,42,39,12,True
ROIsAzuaga,42,39,13,True
ROIsAzuaga,42,39,14,True
ROIsAzuaga,42,39,15,True
ROIsAzuaga,42,39,16,True
ROIsAzuaga,42,39,17,True
ROIsAzuaga,42,39,18,True
ROIsAzuaga,42,39,20,True
ROIsAzuaga,42,39,21,True
ROIsAzuaga,42,39,22,True
ROIsAzuaga,42,39,23,True
ROIsAzuaga,42,39,25,True
ROIsAzuaga,42,39,26,True
ROIsAzuaga,42,40,6,True
ROIsAzuaga,42,40,8,True
ROIsAzuaga,42,40,9,True
ROIsAzuaga,42,40,10,True
ROIsAzuaga,42,40,12,True
ROIsAzuaga,42,40,13,True
ROIsAzuaga,42,40,14,True
ROIsAzuaga,42,40,15,True
ROIsAzuaga,42,40,16,True
ROIsAzuaga,42,40,17,True
ROIsAzuaga,42,40,18,True
ROIsAzuaga,42,40,20,True
ROIsAzuaga,42,40,21,True
ROIsAzuaga,42,40,22,True
ROIsAzuaga,42,40,23,True
ROIsAzuaga,42,40,25,True
ROIsAzuaga,42,40,26,True
ROIsAzuaga,42,40,27,True
ROIsAzuaga,42,40,29,True
ROIsAzuaga,42,41,6,True
ROIsAzuaga,42,41,8,True
ROIsAzuaga,42,41,9,True
ROIsAzuaga,42,41,10,True
ROIsAzuaga,42,41,12,True
ROIsAzuaga,42,41,13,True
ROIsAzuaga,42,41,14,True
ROIsAzuaga,42,41,15,True
ROIsAzuaga,42,41,16,True
ROIsAzuaga,42,41,17,True
ROIsAzuaga,42,41,18,True
ROIsAzuaga,42,41,20,True
ROIsAzuaga,42,41,21,True
ROIsAzuaga,42,41,22,True
ROIsAzuaga,42,41,25,True
ROIsAzuaga,42,41,26,True
ROIsAzuaga,42,41,27,True
ROIsAzuaga,42,41,29,True
ROIsAzuaga,42,42,6,True
ROIsAzuaga,42,42,9,True
ROIsAzuaga,42,42,10,True
ROIsAzuaga,42,42,12,True
ROIsAzuaga,42,42,13,True
ROIsAzuaga,42,42,14,True
ROIsAzuaga,42,42,16,True
ROIsAzuaga,42,42,17,True
ROIsAzuaga,42,42,18,True
ROIsAzuaga,42,42,20,True
ROIsAzuaga,42,42,21,True
ROIsAzuaga,42,42,22,True
ROIsAzuaga,42,42,25,True
ROIsAzuaga,42,42,26,True
ROIsAzuaga,42,42,27,True
ROIsAzuaga,42,43,6,True
ROIsAzuaga,42,43,8,True
ROIsAzuaga,42,43,9,True
ROIsAzuaga,42,43,10,True
ROIsAzuaga,42,43,12,True
ROIsAzuaga,42,43,13,True
ROIsAzuaga,42,43,14,True
ROIsAzuaga,42,43,16,True
ROIsAzuaga,42,43,17,True
ROIsAzuaga,42,43,18,True
ROIsAzuaga,42,43,20,True
ROIsAzuaga,42,43,21,True
ROIsAzuaga,42,43,22,True
ROIsAzuaga,42,43,24,True
ROIsAzuaga,42,43,25,True
ROIsAzuaga,42,43,26,True
ROIsAzuaga,42,44,6,True
ROIsAzuaga,42,44,7,True
ROIsAzuaga,42,44,8,True
ROIsAzuaga,42,44,9,True
ROIsAzuaga,42,44,10,True
ROIsAzuaga,42,44,12,True
ROIsAzuaga,42,44,13,True
ROIsAzuaga,42,44,14,True
ROIsAzuaga,42,44,16,True
ROIsAzuaga,42,44,17,True
ROIsAzuaga,42,44,18,True
ROIsAzuaga,42,44,20,True
ROIsAzuaga,42,44,21,True
ROIsAzuaga,42,44,22,True
ROIsAzuaga,42,44,23,True
ROIsAzuaga,42,44,24,True
ROIsAzuaga,42,44,25,True
ROIsAzuaga,42,44,26,True
ROIsAzuaga,42,45,6,True
ROIsAzuaga,42,45,7,True
ROIsAzuaga,42,45,8,True
ROIsAzuaga,42,45,9,True
ROIsAzuaga,42,45,10,True
ROIsAzuaga,42,45,12,True
ROIsAzuaga,42,45,13,True
ROIsAzuaga,42,45,14,True
ROIsAzuaga,42,45,16,True
ROIsAzuaga,42,45,17,True
ROIsAzuaga,42,45,18,True
ROIsAzuaga,42,45,20,True
ROIsAzuaga,42,45,21,True
ROIsAzuaga,42,45,22,True
ROIsAzuaga,42,45,24,True
ROIsAzuaga,42,45,25,True
ROIsAzuaga,42,45,26,True
ROIsAzuaga,42,45,27,True
ROIsAzuaga,42,46,6,True
ROIsAzuaga,42,46,7,True
ROIsAzuaga,42,46,8,True
ROIsAzuaga,42,46,9,True
ROIsAzuaga,42,46,10,True
ROIsAzuaga,42,46,12,True
ROIsAzuaga,42,46,13,True
ROIsAzuaga,42,46,14,True
ROIsAzuaga,42,46,16,True
ROIsAzuaga,42,46,17,True
ROIsAzuaga,42,46,18,True
ROIsAzuaga,42,46,20,True
ROIsAzuaga,42,46,21,True
ROIsAzuaga,42,46,22,True
ROIsAzuaga,42,46,25,True
ROIsAzuaga,42,46,26,True
ROIsAzuaga,42,46,27,True
ROIsAzuaga,42,47,6,True
ROIsAzuaga,42,47,7,True
ROIsAzuaga,42,47,8,True
ROIsAzuaga,42,47,9,True
ROIsAzuaga,42,47,10,True
ROIsAzuaga,42,47,12,True
ROIsAzuaga,42,47,13,True
ROIsAzuaga,42,47,14,True
ROIsAzuaga,42,47,16,True
ROIsAzuaga,42,47,17,True
ROIsAzuaga,42,47,18,True
ROIsAzuaga,42,47,20,True
ROIsAzuaga,42,47,21,True
ROIsAzuaga,42,47,22,True
ROIsAzuaga,42,47,23,True
ROIsAzuaga,42,47,25,True
ROIsAzuaga,42,47,26,True
ROIsAzuaga,42,48,6,True
ROIsAzuaga,42,48,7,True
ROIsAzuaga,42,48,8,True
ROIsAzuaga,42,48,9,True
ROIsAzuaga,42,48,10,True
ROIsAzuaga,42,48,12,True
ROIsAzuaga,42,48,13,True
ROIsAzuaga,42,48,14,True
ROIsAzuaga,42,48,16,True
ROIsAzuaga,42,48,17,True
ROIsAzuaga,42,48,18,True
ROIsAzuaga,42,48,20,True
ROIsAzuaga,42,48,21,True
ROIsAzuaga,42,48,22,True
ROIsAzuaga,42,48,23,True
ROIsAzuaga,42,48,25,True
ROIsAzuaga,42,48,26,True
ROIsAzuaga,42,49,6,True
ROIsAzuaga,42,49,8,True
ROIsAzuaga,42,49,9,True
ROIsAzuaga,42,49,10,True
ROIsAzuaga,42,49,12,True
ROIsAzuaga,42,49,13,True
ROIsAzuaga,42,49,14,True
ROIsAzuaga,42,49,16,True
ROIsAzuaga,42,49,17,True
ROIsAzuaga,42,49,18,True
ROIsAzuaga,42,49,20,True
ROIsAzuaga,42,49,21,True
ROIsAzuaga,42,49,22,True
ROIsAzuaga,42,49,23,True
ROIsAzuaga,42,49,25,True
ROIsAzuaga,42,49,26,True
ROIsAzuaga,42,50,6,True
ROIsAzuaga,42,50,8,True
ROIsAzuaga,42,50,9,True
ROIsAzuaga,42,50,10,True
ROIsAzuaga,42,50,12,True
ROIsAzuaga,42,50,13,True
ROIsAzuaga,42,50,14,True
ROIsAzuaga,42,50,16,True
ROIsAzuaga,42,50,17,True
ROIsAzuaga,42,50,18,True
ROIsAzuaga,42,50,20,True
ROIsAzuaga,42,50,21,True
ROIsAzuaga,42,50,22,True
ROIsAzuaga,42,50,23,True
ROIsAzuaga,42,50,25,True
ROIsAzuaga,42,50,26,True
ROIsAzuaga,42,51,6,True
ROIsAzuaga,42,51,8,True
ROIsAzuaga,42,51,9,True
ROIsAzuaga,42,51,10,True
ROIsAzuaga,42,51,12,True
ROIsAzuaga,42,51,13,True
ROIsAzuaga,42,51,14,True
ROIsAzuaga,42,51,15,True
ROIsAzuaga,42,51,16,True
ROIsAzuaga,42,51,17,True
ROIsAzuaga,42,51,18,True
ROIsAzuaga,42,51,19,True
ROIsAzuaga,42,51,20,True
ROIsAzuaga,42,51,21,True
ROIsAzuaga,42,51,22,True
ROIsAzuaga,42,51,25,True
ROIsAzuaga,42,51,26,True
ROIsAzuaga,42,51,29,True
ROIsAzuaga,42,52,6,True
ROIsAzuaga,42,52,8,True
ROIsAzuaga,42,52,9,True
ROIsAzuaga,42,52,10,True
ROIsAzuaga,42,52,11,True
ROIsAzuaga,42,52,12,True
ROIsAzuaga,42,52,13,True
ROIsAzuaga,42,52,14,True
ROIsAzuaga,42,52,15,True
ROIsAzuaga,42,52,16,True
ROIsAzuaga,42,52,17,True
ROIsAzuaga,42,52,18,True
ROIsAzuaga,42,52,20,True
ROIsAzuaga,42,52,21,True
ROIsAzuaga,42,52,22,True
ROIsAzuaga,42,52,23,True
ROIsAzuaga,42,52,25,True
ROIsAzuaga,42,52,26,True
ROIsAzuaga,42,52,29,True
ROIsAzuaga,42,53,6,True
ROIsAzuaga,42,53,9,True
ROIsAzuaga,42,53,10,True
ROIsAzuaga,42,53,11,True
ROIsAzuaga,42,53,12,True
ROIsAzuaga,42,53,13,True
ROIsAzuaga,42,53,14,True
ROIsAzuaga,42,53,15,True
ROIsAzuaga,42,53,16,True
ROIsAzuaga,42,53,17,True
ROIsAzuaga,42,53,18,True
ROIsAzuaga,42,53,20,True
ROIsAzuaga,42,53,21,True
ROIsAzuaga,42,53,22,True
ROIsAzuaga,42,53,25,True
ROIsAzuaga,42,53,26,True
ROIsAzuaga,42,53,29,True
ROIsAzuaga,42,54,6,True
ROIsAzuaga,42,54,8,True
ROIsAzuaga,42,54,9,True
ROIsAzuaga,42,54,10,True
ROIsAzuaga,42,54,12,True
ROIsAzuaga,42,54,13,True
ROIsAzuaga,42,54,14,True
ROIsAzuaga,42,54,15,True
ROIsAzuaga,42,54,16,True
ROIsAzuaga,42,54,17,True
ROIsAzuaga,42,54,18,True
ROIsAzuaga,42,54,20,True
ROIsAzuaga,42,54,21,True
ROIsAzuaga,42,54,22,True
ROIsAzuaga,42,54,25,True
ROIsAzuaga,42,54,26,True
ROIsAzuaga,42,55,8,True
ROIsAzuaga,42,55,9,True
ROIsAzuaga,42,55,10,True
ROIsAzuaga,42,55,12,True
ROIsAzuaga,42,55,13,True
ROIsAzuaga,42,55,14,True
ROIsAzuaga,42,55,15,True
ROIsAzuaga,42,55,16,True
ROIsAzuaga,42,55,17,True
ROIsAzuaga,42,55,18,True
ROIsAzuaga,42,55,20,True
ROIsAzuaga,42,55,21,True
ROIsAzuaga,42,55,22,True
ROIsAzuaga,42,55,25,True
ROIsAzuaga,42,55,26,True
ROIsAzuaga,42,55,27,True
ROIsAzuaga,42,56,9,True
ROIsAzuaga,42,56,10,True
ROIsAzuaga,42,56,12,True
ROIsAzuaga,42,56,13,True
ROIsAzuaga,42,56,14,True
ROIsAzuaga,42,56,15,True
ROIsAzuaga,42,56,16,True
ROIsAzuaga,42,56,17,True
ROIsAzuaga,42,56,18,True
ROIsAzuaga,42,56,20,True
ROIsAzuaga,42,56,21,True
ROIsAzuaga,42,56,22,True
ROIsAzuaga,42,56,25,True
ROIsAzuaga,42,56,26,True
ROIsAzuaga,42,56,27,True
ROIsAzuaga,42,57,6,True
ROIsAzuaga,42,57,9,True
ROIsAzuaga,42,57,10,True
ROIsAzuaga,42,57,12,True
ROIsAzuaga,42,57,13,True
ROIsAzuaga,42,57,14,True
ROIsAzuaga,42,57,15,True
ROIsAzuaga,42,57,16,True
ROIsAzuaga,42,57,17,True
ROIsAzuaga,42,57,18,True
ROIsAzuaga,42,57,20,True
ROIsAzuaga,42,57,21,True
ROIsAzuaga,42,57,22,True
ROIsAzuaga,42,57,25,True
ROIsAzuaga,42,57,26,True
ROIsAzuaga,42,57,27,True
ROIsAzuaga,42,58,6,True
ROIsAzuaga,42,58,8,True
ROIsAzuaga,42,58,9,True
ROIsAzuaga,42,58,10,True
ROIsAzuaga,42,58,12,True
ROIsAzuaga,42,58,13,True
ROIsAzuaga,42,58,14,True
ROIsAzuaga,42,58,16,True
ROIsAzuaga,42,58,17,True
ROIsAzuaga,42,58,18,True
ROIsAzuaga,42,58,20,True
ROIsAzuaga,42,58,21,True
ROIsAzuaga,42,58,22,True
ROIsAzuaga,42,58,23,True
ROIsAzuaga,42,58,25,True
ROIsAzuaga,42,58,26,True
ROIsAzuaga,42,58,27,True
ROIsAzuaga,42,59,6,True
ROIsAzuaga,42,59,8,True
ROIsAzuaga,42,59,9,True
ROIsAzuaga,42,59,10,True
ROIsAzuaga,42,59,12,True
ROIsAzuaga,42,59,13,True
ROIsAzuaga,42,59,14,True
ROIsAzuaga,42,59,16,True
ROIsAzuaga,42,59,17,True
ROIsAzuaga,42,59,18,True
ROIsAzuaga,42,59,20,True
ROIsAzuaga,42,59,21,True
ROIsAzuaga,42,59,22,True
ROIsAzuaga,42,59,23,True
ROIsAzuaga,42,59,25,True
ROIsAzuaga,42,59,26,True
ROIsAzuaga,42,60,6,True
ROIsAzuaga,42,60,8,True
ROIsAzuaga,42,60,9,True
ROIsAzuaga,42,60,10,True
ROIsAzuaga,42,60,12,True
ROIsAzuaga,42,60,13,True
ROIsAzuaga,42,60,14,True
ROIsAzuaga,42,60,16,True
ROIsAzuaga,42,60,17,True
ROIsAzuaga,42,60,18,True
ROIsAzuaga,42,60,20,True
ROIsAzuaga,42,60,21,True
ROIsAzuaga,42,60,22,True
ROIsAzuaga,42,60,25,True
ROIsAzuaga,42,60,26,True
ROIsAzuaga,42,60,27,True
ROIsAzuaga,42,61,6,True
ROIsAzuaga,42,61,8,True
ROIsAzuaga,42,61,9,True
ROIsAzuaga,42,61,10,True
ROIsAzuaga,42,61,12,True
ROIsAzuaga,42,61,13,True
ROIsAzuaga,42,61,14,True
ROIsAzuaga,42,61,16,True
ROIsAzuaga,42,61,17,True
ROIsAzuaga,42,61,18,True
ROIsAzuaga,42,61,20,True
ROIsAzuaga,42,61,22,True
ROIsAzuaga,42,61,24,True
ROIsAzuaga,42,61,25,True
ROIsAzuaga,42,61,26,True
ROIsAzuaga,42,61,27,True
ROIsAzuaga,42,62,6,True
ROIsAzuaga,42,62,7,True
ROIsAzuaga,42,62,8,True
ROIsAzuaga,42,62,9,True
ROIsAzuaga,42,62,10,True
ROIsAzuaga,42,62,12,True
ROIsAzuaga,42,62,13,True
ROIsAzuaga,42,62,14,True
ROIsAzuaga,42,62,16,True
ROIsAzuaga,42,62,17,True
ROIsAzuaga,42,62,18,True
ROIsAzuaga,42,62,20,True
ROIsAzuaga,42,62,21,True
ROIsAzuaga,42,62,22,True
ROIsAzuaga,42,62,25,True
ROIsAzuaga,42,62,26,True
ROIsAzuaga,42,62,27,True
ROIsAzuaga,42,63,6,True
ROIsAzuaga,42,63,7,True
ROIsAzuaga,42,63,8,True
ROIsAzuaga,42,63,9,True
ROIsAzuaga,42,63,10,True
ROIsAzuaga,42,63,12,True
ROIsAzuaga,42,63,13,True
ROIsAzuaga,42,63,14,True
ROIsAzuaga,42,63,16,True
ROIsAzuaga,42,63,17,True
ROIsAzuaga,42,63,18,True
ROIsAzuaga,42,63,20,True
ROIsAzuaga,42,63,21,True
ROIsAzuaga,42,63,22,True
ROIsAzuaga,42,63,25,True
ROIsAzuaga,42,63,26,True
ROIsAzuaga,42,63,27,True
ROIsAzuaga,42,64,6,True
ROIsAzuaga,42,64,7,True
ROIsAzuaga,42,64,8,True
ROIsAzuaga,42,64,9,True
ROIsAzuaga,42,64,10,True
ROIsAzuaga,42,64,12,True
ROIsAzuaga,42,64,13,True
ROIsAzuaga,42,64,14,True
ROIsAzuaga,42,64,16,True
ROIsAzuaga,42,64,17,True
ROIsAzuaga,42,64,18,True
ROIsAzuaga,42,64,20,True
ROIsAzuaga,42,64,21,True
ROIsAzuaga,42,64,22,True
ROIsAzuaga,42,64,25,True
ROIsAzuaga,42,64,26,True
ROIsAzuaga,42,64,27,True
ROIsAzuaga,42,64,29,True
ROIsAzuaga,42,65,6,True
ROIsAzuaga,42,65,7,True
ROIsAzuaga,42,65,8,True
ROIsAzuaga,42,65,9,True
ROIsAzuaga,42,65,10,True
ROIsAzuaga,42,65,12,True
ROIsAzuaga,42,65,13,True
ROIsAzuaga,42,65,14,True
ROIsAzuaga,42,65,16,True
ROIsAzuaga,42,65,17,True
ROIsAzuaga,42,65,18,True
ROIsAzuaga,42,65,20,True
ROIsAzuaga,42,65,21,True
ROIsAzuaga,42,65,22,True
ROIsAzuaga,42,65,23,True
ROIsAzuaga,42,65,25,True
ROIsAzuaga,42,65,26,True
ROIsAzuaga,42,65,29,True
ROIsAzuaga,42,66,6,True
ROIsAzuaga,42,66,8,True
ROIsAzuaga,42,66,9,True
ROIsAzuaga,42,66,10,True
ROIsAzuaga,42,66,12,True
ROIsAzuaga,42,66,13,True
ROIsAzuaga,42,66,14,True
ROIsAzuaga,42,66,16,True
ROIsAzuaga,42,66,17,True
ROIsAzuaga,42,66,18,True
ROIsAzuaga,42,66,20,True
ROIsAzuaga,42,66,21,True
ROIsAzuaga,42,66,22,True
ROIsAzuaga,42,66,23,True
ROIsAzuaga,42,66,25,True
ROIsAzuaga,42,66,26,True
ROIsAzuaga,42,66,27,True
ROIsAzuaga,42,66,29,True
ROIsAzuaga,42,67,6,True
ROIsAzuaga,42,67,7,True
ROIsAzuaga,42,67,8,True
ROIsAzuaga,42,67,9,True
ROIsAzuaga,42,67,10,True
ROIsAzuaga,42,67,12,True
ROIsAzuaga,42,67,13,True
ROIsAzuaga,42,67,14,True
ROIsAzuaga,42,67,16,True
ROIsAzuaga,42,67,17,True
ROIsAzuaga,42,67,18,True
ROIsAzuaga,42,67,20,True
ROIsAzuaga,42,67,21,True
ROIsAzuaga,42,67,22,True
ROIsAzuaga,42,67,23,True
ROIsAzuaga,42,67,25,True
ROIsAzuaga,42,67,26,True
ROIsAzuaga,42,67,29,True
ROIsAzuaga,42,68,6,True
ROIsAzuaga,42,68,8,True
ROIsAzuaga,42,68,9,True
ROIsAzuaga,42,68,10,True
ROIsAzuaga,42,68,12,True
ROIsAzuaga,42,68,13,True
ROIsAzuaga,42,68,14,True
ROIsAzuaga,42,68,15,True
ROIsAzuaga,42,68,16,True
ROIsAzuaga,42,68,17,True
ROIsAzuaga,42,68,18,True
ROIsAzuaga,42,68,20,True
ROIsAzuaga,42,68,21,True
ROIsAzuaga,42,68,22,True
ROIsAzuaga,42,68,25,True
ROIsAzuaga,42,68,26,True
ROIsAzuaga,42,68,27,True
ROIsAzuaga,42,68,29,True
ROIsAzuaga,42,69,6,True
ROIsAzuaga,42,69,9,True
ROIsAzuaga,42,69,10,True
ROIsAzuaga,42,69,11,True
ROIsAzuaga,42,69,12,True
ROIsAzuaga,42,69,13,True
ROIsAzuaga,42,69,14,True
ROIsAzuaga,42,69,15,True
ROIsAzuaga,42,69,16,True
ROIsAzuaga,42,69,17,True
ROIsAzuaga,42,69,18,True
ROIsAzuaga,42,69,20,True
ROIsAzuaga,42,69,21,True
ROIsAzuaga,42,69,22,True
ROIsAzuaga,42,69,25,True
ROIsAzuaga,42,69,26,True
ROIsAzuaga,42,69,29,True
ROIsAzuaga,42,70,6,True
ROIsAzuaga,42,70,8,True
ROIsAzuaga,42,70,9,True
ROIsAzuaga,42,70,10,True
ROIsAzuaga,42,70,12,True
ROIsAzuaga,42,70,13,True
ROIsAzuaga,42,70,14,True
ROIsAzuaga,42,70,15,True
ROIsAzuaga,42,70,16,True
ROIsAzuaga,42,70,17,True
ROIsAzuaga,42,70,18,True
ROIsAzuaga,42,70,20,True
ROIsAzuaga,42,70,21,True
ROIsAzuaga,42,70,22,True
ROIsAzuaga,42,70,25,True
ROIsAzuaga,42,70,26,True
ROIsAzuaga,42,71,8,True
ROIsAzuaga,42,71,9,True
ROIsAzuaga,42,71,10,True
ROIsAzuaga,42,71,12,True
ROIsAzuaga,42,71,13,True
ROIsAzuaga,42,71,14,True
ROIsAzuaga,42,71,15,True
ROIsAzuaga,42,71,16,True
ROIsAzuaga,42,71,17,True
ROIsAzuaga,42,71,18,True
ROIsAzuaga,42,71,20,True
ROIsAzuaga,42,71,21,True
ROIsAzuaga,42,71,22,True
ROIsAzuaga,42,71,26,True
ROIsAzuaga,42,72,6,True
ROIsAzuaga,42,72,8,True
ROIsAzuaga,42,72,9,True
ROIsAzuaga,42,72,10,True
ROIsAzuaga,42,72,12,True
ROIsAzuaga,42,72,13,True
ROIsAzuaga,42,72,14,True
ROIsAzuaga,42,72,15,True
ROIsAzuaga,42,72,16,True
ROIsAzuaga,42,72,17,True
ROIsAzuaga,42,72,18,True
ROIsAzuaga,42,72,20,True
ROIsAzuaga,42,72,21,True
ROIsAzuaga,42,72,22,True
ROIsAzuaga,42,72,25,True
ROIsAzuaga,42,72,26,True
ROIsAzuaga,42,72,27,True
ROIsAzuaga,42,73,6,True
ROIsAzuaga,42,73,8,True
ROIsAzuaga,42,73,9,True
ROIsAzuaga,42,73,10,True
ROIsAzuaga,42,73,12,True
ROIsAzuaga,42,73,13,True
ROIsAzuaga,42,73,14,True
ROIsAzuaga,42,73,15,True
ROIsAzuaga,42,73,16,True
ROIsAzuaga,42,73,17,True
ROIsAzuaga,42,73,18,True
ROIsAzuaga,42,73,20,True
ROIsAzuaga,42,73,21,True
ROIsAzuaga,42,73,22,True
ROIsAzuaga,42,73,25,True
ROIsAzuaga,42,73,26,True
ROIsAzuaga,42,73,27,True
ROIsAzuaga,42,74,6,True
ROIsAzuaga,42,74,8,True
ROIsAzuaga,42,74,9,True
ROIsAzuaga,42,74,10,True
ROIsAzuaga,42,74,12,True
ROIsAzuaga,42,74,13,True
ROIsAzuaga,42,74,14,True
ROIsAzuaga,42,74,15,True
ROIsAzuaga,42,74,16,True
ROIsAzuaga,42,74,17,True
ROIsAzuaga,42,74,18,True
ROIsAzuaga,42,74,20,True
ROIsAzuaga,42,74,21,True
ROIsAzuaga,42,74,22,True
ROIsAzuaga,42,74,25,True
ROIsAzuaga,42,74,26,True
ROIsAzuaga,42,74,27,True
ROIsAzuaga,42,75,6,True
ROIsAzuaga,42,75,8,True
ROIsAzuaga,42,75,9,True
ROIsAzuaga,42,75,10,True
ROIsAzuaga,42,75,12,True
ROIsAzuaga,42,75,13,True
ROIsAzuaga,42,75,14,True
ROIsAzuaga,42,75,16,True
ROIsAzuaga,42,75,17,True
ROIsAzuaga,42,75,18,True
ROIsAzuaga,42,75,20,True
ROIsAzuaga,42,75,21,True
ROIsAzuaga,42,75,22,True
ROIsAzuaga,42,75,23,True
ROIsAzuaga,42,75,25,True
ROIsAzuaga,42,75,26,True
ROIsAzuaga,42,75,27,True
ROIsAzuaga,42,76,6,True
ROIsAzuaga,42,76,7,True
ROIsAzuaga,42,76,8,True
ROIsAzuaga,42,76,9,True
ROIsAzuaga,42,76,10,True
ROIsAzuaga,42,76,12,True
ROIsAzuaga,42,76,13,True
ROIsAzuaga,42,76,14,True
ROIsAzuaga,42,76,16,True
ROIsAzuaga,42,76,17,True
ROIsAzuaga,42,76,18,True
ROIsAzuaga,42,76,20,True
ROIsAzuaga,42,76,21,True
ROIsAzuaga,42,76,22,True
ROIsAzuaga,42,76,25,True
ROIsAzuaga,42,77,6,True
ROIsAzuaga,42,77,7,True
ROIsAzuaga,42,77,8,True
ROIsAzuaga,42,77,9,True
ROIsAzuaga,42,77,10,True
ROIsAzuaga,42,77,12,True
ROIsAzuaga,42,77,13,True
ROIsAzuaga,42,77,14,True
ROIsAzuaga,42,77,16,True
ROIsAzuaga,42,77,17,True
ROIsAzuaga,42,77,18,True
ROIsAzuaga,42,77,20,True
ROIsAzuaga,42,77,21,True
ROIsAzuaga,42,77,22,True
ROIsAzuaga,42,77,25,True
ROIsAzuaga,42,78,6,True
ROIsAzuaga,42,78,7,True
ROIsAzuaga,42,78,8,True
ROIsAzuaga,42,78,9,True
ROIsAzuaga,42,78,10,True
ROIsAzuaga,42,78,12,True
ROIsAzuaga,42,78,13,True
ROIsAzuaga,42,78,14,True
ROIsAzuaga,42,78,16,True
ROIsAzuaga,42,78,17,True
ROIsAzuaga,42,78,18,True
ROIsAzuaga,42,78,20,True
ROIsAzuaga,42,78,21,True
ROIsAzuaga,42,78,22,True
ROIsAzuaga,42,78,23,True
ROIsAzuaga,42,78,25,True
ROIsAzuaga,42,78,26,True
ROIsAzuaga,42,78,27,True
ROIsAzuaga,42,78,29,True
ROIsAzuaga,42,79,6,True
ROIsAzuaga,42,79,7,True
ROIsAzuaga,42,79,8,True
ROIsAzuaga,42,79,9,True
ROIsAzuaga,42,79,10,True
ROIsAzuaga,42,79,12,True
ROIsAzuaga,42,79,13,True
ROIsAzuaga,42,79,14,True
ROIsAzuaga,42,79,16,True
ROIsAzuaga,42,79,17,True
ROIsAzuaga,42,79,18,True
ROIsAzuaga,42,79,20,True
ROIsAzuaga,42,79,21,True
ROIsAzuaga,42,79,22,True
ROIsAzuaga,42,79,25,True
ROIsAzuaga,42,79,26,True
ROIsAzuaga,42,79,27,True
ROIsAzuaga,42,79,29,True
ROIsAzuaga,42,80,6,True
ROIsAzuaga,42,80,9,True
ROIsAzuaga,42,80,10,True
ROIsAzuaga,42,80,12,True
ROIsAzuaga,42,80,13,True
ROIsAzuaga,42,80,14,True
ROIsAzuaga,42,80,16,True
ROIsAzuaga,42,80,17,True
ROIsAzuaga,42,80,18,True
ROIsAzuaga,42,80,20,True
ROIsAzuaga,42,80,21,True
ROIsAzuaga,42,80,22,True
ROIsAzuaga,42,80,25,True
ROIsAzuaga,42,80,26,True
ROIsAzuaga,42,80,27,True
ROIsAzuaga,42,80,29,True
ROIsAzuaga,42,81,6,True
ROIsAzuaga,42,81,8,True
ROIsAzuaga,42,81,9,True
ROIsAzuaga,42,81,10,True
ROIsAzuaga,42,81,12,True
ROIsAzuaga,42,81,13,True
ROIsAzuaga,42,81,14,True
ROIsAzuaga,42,81,16,True
ROIsAzuaga,42,81,17,True
ROIsAzuaga,42,81,18,True
ROIsAzuaga,42,81,20,True
ROIsAzuaga,42,81,21,True
ROIsAzuaga,42,81,22,True
ROIsAzuaga,42,81,25,True
ROIsAzuaga,42,81,26,True
ROIsAzuaga,42,81,27,True
ROIsAzuaga,42,81,29,True
ROIsAzuaga,42,82,6,True
ROIsAzuaga,42,82,7,True
ROIsAzuaga,42,82,8,True
ROIsAzuaga,42,82,9,True
ROIsAzuaga,42,82,10,True
ROIsAzuaga,42,82,12,True
ROIsAzuaga,42,82,13,True
ROIsAzuaga,42,82,14,True
ROIsAzuaga,42,82,16,True
ROIsAzuaga,42,82,17,True
ROIsAzuaga,42,82,18,True
ROIsAzuaga,42,82,20,True
ROIsAzuaga,42,82,21,True
ROIsAzuaga,42,82,22,True
ROIsAzuaga,42,82,23,True
ROIsAzuaga,42,82,25,True
ROIsAzuaga,42,82,26,True
ROIsAzuaga,42,82,29,True
ROIsAzuaga,42,83,6,True
ROIsAzuaga,42,83,8,True
ROIsAzuaga,42,83,9,True
ROIsAzuaga,42,83,10,True
ROIsAzuaga,42,83,12,True
ROIsAzuaga,42,83,13,True
ROIsAzuaga,42,83,14,True
ROIsAzuaga,42,83,16,True
ROIsAzuaga,42,83,17,True
ROIsAzuaga,42,83,18,True
ROIsAzuaga,42,83,20,True
ROIsAzuaga,42,83,21,True
ROIsAzuaga,42,83,22,True
ROIsAzuaga,42,83,23,True
ROIsAzuaga,42,83,25,True
ROIsAzuaga,42,83,26,True
ROIsAzuaga,42,83,27,True
ROIsAzuaga,42,83,29,True
ROIsAzuaga,42,84,6,True
ROIsAzuaga,42,84,8,True
ROIsAzuaga,42,84,9,True
ROIsAzuaga,42,84,10,True
ROIsAzuaga,42,84,12,True
ROIsAzuaga,42,84,13,True
ROIsAzuaga,42,84,14,True
ROIsAzuaga,42,84,16,True
ROIsAzuaga,42,84,17,True
ROIsAzuaga,42,84,18,True
ROIsAzuaga,42,84,20,True
ROIsAzuaga,42,84,21,True
ROIsAzuaga,42,84,22,True
ROIsAzuaga,42,84,25,True
ROIsAzuaga,42,84,26,True
ROIsAzuaga,42,84,27,True
ROIsAzuaga,42,84,29,True
ROIsAzuaga,42,85,6,True
ROIsAzuaga,42,85,8,True
ROIsAzuaga,42,85,9,True
ROIsAzuaga,42,85,11,True
ROIsAzuaga,42,85,12,True
ROIsAzuaga,42,85,13,True
ROIsAzuaga,42,85,14,True
ROIsAzuaga,42,85,15,True
ROIsAzuaga,42,85,16,True
ROIsAzuaga,42,85,17,True
ROIsAzuaga,42,85,18,True
ROIsAzuaga,42,85,20,True
ROIsAzuaga,42,85,22,True
ROIsAzuaga,42,85,25,True
ROIsAzuaga,42,85,26,True
ROIsAzuaga,42,85,29,True
ROIsAzuaga,42,86,6,True
ROIsAzuaga,42,86,8,True
ROIsAzuaga,42,86,9,True
ROIsAzuaga,42,86,10,True
ROIsAzuaga,42,86,12,True
ROIsAzuaga,42,86,13,True
ROIsAzuaga,42,86,14,True
ROIsAzuaga,42,86,15,True
ROIsAzuaga,42,86,16,True
ROIsAzuaga,42,86,17,True
ROIsAzuaga,42,86,18,True
ROIsAzuaga,42,86,20,True
ROIsAzuaga,42,86,22,True
ROIsAzuaga,42,86,25,True
ROIsAzuaga,42,86,26,True
ROIsAzuaga,42,86,29,True
ROIsAzuaga,42,87,6,True
ROIsAzuaga,42,87,8,True
ROIsAzuaga,42,87,9,True
ROIsAzuaga,42,87,10,True
ROIsAzuaga,42,87,11,True
ROIsAzuaga,42,87,12,True
ROIsAzuaga,42,87,13,True
ROIsAzuaga,42,87,14,True
ROIsAzuaga,42,87,15,True
ROIsAzuaga,42,87,16,True
ROIsAzuaga,42,87,17,True
ROIsAzuaga,42,87,18,True
ROIsAzuaga,42,87,20,True
ROIsAzuaga,42,87,21,True
ROIsAzuaga,42,87,22,True
ROIsAzuaga,42,87,25,True
ROIsAzuaga,42,87,26,True
ROIsAzuaga,42,87,27,True
ROIsAzuaga,42,87,29,True
ROIsAzuaga,42,88,6,True
ROIsAzuaga,42,88,8,True
ROIsAzuaga,42,88,9,True
ROIsAzuaga,42,88,11,True
ROIsAzuaga,42,88,12,True
ROIsAzuaga,42,88,13,True
ROIsAzuaga,42,88,14,True
ROIsAzuaga,42,88,15,True
ROIsAzuaga,42,88,16,True
ROIsAzuaga,42,88,17,True
ROIsAzuaga,42,88,18,True
ROIsAzuaga,42,88,20,True
ROIsAzuaga,42,88,21,True
ROIsAzuaga,42,88,22,True
ROIsAzuaga,42,88,25,True
ROIsAzuaga,42,88,26,True
ROIsAzuaga,42,88,27,True
ROIsAzuaga,42,89,6,True
ROIsAzuaga,42,89,8,True
ROIsAzuaga,42,89,9,True
ROIsAzuaga,42,89,11,True
ROIsAzuaga,42,89,12,True
ROIsAzuaga,42,89,13,True
ROIsAzuaga,42,89,14,True
ROIsAzuaga,42,89,15,True
ROIsAzuaga,42,89,16,True
ROIsAzuaga,42,89,17,True
ROIsAzuaga,42,89,18,True
ROIsAzuaga,42,89,20,True
ROIsAzuaga,42,89,21,True
ROIsAzuaga,42,89,22,True
ROIsAzuaga,42,89,25,True
ROIsAzuaga,42,89,26,True
ROIsAzuaga,42,89,27,True
ROIsAzuaga,42,90,6,True
ROIsAzuaga,42,90,8,True
ROIsAzuaga,42,90,9,True
ROIsAzuaga,42,90,10,True
ROIsAzuaga,42,90,12,True
ROIsAzuaga,42,90,13,True
ROIsAzuaga,42,90,14,True
ROIsAzuaga,42,90,15,True
ROIsAzuaga,42,90,16,True
ROIsAzuaga,42,90,17,True
ROIsAzuaga,42,90,18,True
ROIsAzuaga,42,90,20,True
ROIsAzuaga,42,90,21,True
ROIsAzuaga,42,90,22,True
ROIsAzuaga,42,90,25,True
ROIsAzuaga,42,90,26,True
ROIsAzuaga,42,90,27,True
ROIsAzuaga,42,91,6,True
ROIsAzuaga,42,91,8,True
ROIsAzuaga,42,91,9,True
ROIsAzuaga,42,91,10,True
ROIsAzuaga,42,91,12,True
ROIsAzuaga,42,91,13,True
ROIsAzuaga,42,91,14,True
ROIsAzuaga,42,91,15,True
ROIsAzuaga,42,91,16,True
ROIsAzuaga,42,91,17,True
ROIsAzuaga,42,91,18,True
ROIsAzuaga,42,91,20,True
ROIsAzuaga,42,91,21,True
ROIsAzuaga,42,91,22,True
ROIsAzuaga,42,91,25,True
ROIsAzuaga,42,91,26,True
ROIsAzuaga,42,91,27,True
ROIsAzuaga,42,92,6,True
ROIsAzuaga,42,92,8,True
ROIsAzuaga,42,92,9,True
ROIsAzuaga,42,92,10,True
ROIsAzuaga,42,92,12,True
ROIsAzuaga,42,92,13,True
ROIsAzuaga,42,92,14,True
ROIsAzuaga,42,92,16,True
ROIsAzuaga,42,92,17,True
ROIsAzuaga,42,92,18,True
ROIsAzuaga,42,92,20,True
ROIsAzuaga,42,92,21,True
ROIsAzuaga,42,92,22,True
ROIsAzuaga,42,92,25,True
ROIsAzuaga,42,92,26,True
ROIsAzuaga,42,92,27,True
ROIsAzuaga,42,93,6,True
ROIsAzuaga,42,93,7,True
ROIsAzuaga,42,93,8,True
ROIsAzuaga,42,93,9,True
ROIsAzuaga,42,93,10,True
ROIsAzuaga,42,93,12,True
ROIsAzuaga,42,93,13,True
ROIsAzuaga,42,93,14,True
ROIsAzuaga,42,93,16,True
ROIsAzuaga,42,93,17,True
ROIsAzuaga,42,93,18,True
ROIsAzuaga,42,93,20,True
ROIsAzuaga,42,93,21,True
ROIsAzuaga,42,93,22,True
ROIsAzuaga,42,93,25,True
ROIsAzuaga,42,93,26,True
ROIsAzuaga,42,93,27,True
ROIsAzuaga,42,94,6,True
ROIsAzuaga,42,94,8,True
ROIsAzuaga,42,94,9,True
ROIsAzuaga,42,94,10,True
ROIsAzuaga,42,94,12,True
ROIsAzuaga,42,94,13,True
ROIsAzuaga,42,94,14,True
ROIsAzuaga,42,94,16,True
ROIsAzuaga,42,94,17,True
ROIsAzuaga,42,94,18,True
ROIsAzuaga,42,94,20,True
ROIsAzuaga,42,94,21,True
ROIsAzuaga,42,94,22,True
ROIsAzuaga,42,94,25,True
ROIsAzuaga,42,94,26,True
ROIsAzuaga,42,94,29,True
ROIsAzuaga,42,95,6,True
ROIsAzuaga,42,95,7,True
ROIsAzuaga,42,95,8,True
ROIsAzuaga,42,95,9,True
ROIsAzuaga,42,95,10,True
ROIsAzuaga,42,95,12,True
ROIsAzuaga,42,95,13,True
ROIsAzuaga,42,95,14,True
ROIsAzuaga,42,95,16,True
ROIsAzuaga,42,95,17,True
ROIsAzuaga,42,95,18,True
ROIsAzuaga,42,95,20,True
ROIsAzuaga,42,95,21,True
ROIsAzuaga,42,95,22,True
ROIsAzuaga,42,95,25,True
ROIsAzuaga,42,95,26,True
ROIsAzuaga,42,95,27,True
ROIsAzuaga,42,95,29,True
ROIsAzuaga,42,96,6,True
ROIsAzuaga,42,96,7,True
ROIsAzuaga,42,96,8,True
ROIsAzuaga,42,96,9,True
ROIsAzuaga,42,96,10,True
ROIsAzuaga,42,96,12,True
ROIsAzuaga,42,96,13,True
ROIsAzuaga,42,96,14,True
ROIsAzuaga,42,96,16,True
ROIsAzuaga,42,96,17,True
ROIsAzuaga,42,96,18,True
ROIsAzuaga,42,96,20,True
ROIsAzuaga,42,96,21,True
ROIsAzuaga,42,96,22,True
ROIsAzuaga,42,96,25,True
ROIsAzuaga,42,96,26,True
ROIsAzuaga,42,96,27,True
ROIsAzuaga,42,96,29,True
ROIsAzuaga,42,97,6,True
ROIsAzuaga,42,97,7,True
ROIsAzuaga,42,97,9,True
ROIsAzuaga,42,97,10,True
ROIsAzuaga,42,97,12,True
ROIsAzuaga,42,97,13,True
ROIsAzuaga,42,97,14,True
ROIsAzuaga,42,97,16,True
ROIsAzuaga,42,97,17,True
ROIsAzuaga,42,97,18,True
ROIsAzuaga,42,97,20,True
ROIsAzuaga,42,97,21,True
ROIsAzuaga,42,97,22,True
ROIsAzuaga,42,97,25,True
ROIsAzuaga,42,97,26,True
ROIsAzuaga,42,97,27,True
ROIsAzuaga,42,97,29,True
ROIsAzuaga,42,98,6,True
ROIsAzuaga,42,98,8,True
ROIsAzuaga,42,98,9,True
ROIsAzuaga,42,98,10,True
ROIsAzuaga,42,98,12,True
ROIsAzuaga,42,98,13,True
ROIsAzuaga,42,98,14,True
ROIsAzuaga,42,98,16,True
ROIsAzuaga,42,98,17,True
ROIsAzuaga,42,98,18,True
ROIsAzuaga,42,98,20,True
ROIsAzuaga,42,98,21,True
ROIsAzuaga,42,98,22,True
ROIsAzuaga,42,98,25,True
ROIsAzuaga,42,98,26,True
ROIsAzuaga,42,98,27,True
ROIsAzuaga,42,98,29,True
ROIsAzuaga,42,99,6,True
ROIsAzuaga,42,99,8,True
ROIsAzuaga,42,99,9,True
ROIsAzuaga,42,99,10,True
ROIsAzuaga,42,99,12,True
ROIsAzuaga,42,99,13,True
ROIsAzuaga,42,99,14,True
ROIsAzuaga,42,99,16,True
ROIsAzuaga,42,99,17,True
ROIsAzuaga,42,99,18,True
ROIsAzuaga,42,99,20,True
ROIsAzuaga,42,99,21,True
ROIsAzuaga,42,99,22,True
ROIsAzuaga,42,99,23,True
ROIsAzuaga,42,99,25,True
ROIsAzuaga,42,99,26,True
ROIsAzuaga,42,99,27,True
ROIsAzuaga,42,99,29,True
ROIsAzuaga,42,100,6,True
ROIsAzuaga,42,100,8,True
ROIsAzuaga,42,100,9,True
ROIsAzuaga,42,100,10,True
ROIsAzuaga,42,100,12,True
ROIsAzuaga,42,100,13,True
ROIsAzuaga,42,100,14,True
ROIsAzuaga,42,100,16,True
ROIsAzuaga,42,100,17,True
ROIsAzuaga,42,100,18,True
ROIsAzuaga,42,100,20,True
ROIsAzuaga,42,100,21,True
ROIsAzuaga,42,100,22,True
ROIsAzuaga,42,100,23,True
ROIsAzuaga,42,100,25,True
ROIsAzuaga,42,100,26,True
ROIsAzuaga,42,100,27,True
ROIsAzuaga,42,100,29,True
ROIsAzuaga,42,101,6,True
ROIsAzuaga,42,101,8,True
ROIsAzuaga,42,101,9,True
ROIsAzuaga,42,101,10,True
ROIsAzuaga,42,101,12,True
ROIsAzuaga,42,101,13,True
ROIsAzuaga,42,101,14,True
ROIsAzuaga,42,101,16,True
ROIsAzuaga,42,101,17,True
ROIsAzuaga,42,101,18,True
ROIsAzuaga,42,101,20,True
ROIsAzuaga,42,101,21,True
ROIsAzuaga,42,101,22,True
ROIsAzuaga,42,101,23,True
ROIsAzuaga,42,101,25,True
ROIsAzuaga,42,101,26,True
ROIsAzuaga,42,101,27,True
ROIsAzuaga,42,101,29,True
ROIsAzuaga,42,102,6,True
ROIsAzuaga,42,102,8,True
ROIsAzuaga,42,102,9,True
ROIsAzuaga,42,102,11,True
ROIsAzuaga,42,102,12,True
ROIsAzuaga,42,102,13,True
ROIsAzuaga,42,102,14,True
ROIsAzuaga,42,102,15,True
ROIsAzuaga,42,102,16,True
ROIsAzuaga,42,102,17,True
ROIsAzuaga,42,102,18,True
ROIsAzuaga,42,102,19,True
ROIsAzuaga,42,102,20,True
ROIsAzuaga,42,102,22,True
ROIsAzuaga,42,102,25,True
ROIsAzuaga,42,102,26,True
ROIsAzuaga,42,102,29,True
ROIsAzuaga,42,103,6,True
ROIsAzuaga,42,103,8,True
ROIsAzuaga,42,103,9,True
ROIsAzuaga,42,103,12,True
ROIsAzuaga,42,103,13,True
ROIsAzuaga,42,103,14,True
ROIsAzuaga,42,103,15,True
ROIsAzuaga,42,103,16,True
ROIsAzuaga,42,103,17,True
ROIsAzuaga,42,103,18,True
ROIsAzuaga,42,103,19,True
ROIsAzuaga,42,103,20,True
ROIsAzuaga,42,103,21,True
ROIsAzuaga,42,103,22,True
ROIsAzuaga,42,103,24,True
ROIsAzuaga,42,103,25,True
ROIsAzuaga,42,103,29,True
ROIsAzuaga,42,104,6,True
ROIsAzuaga,42,104,8,True
ROIsAzuaga,42,104,9,True
ROIsAzuaga,42,104,11,True
ROIsAzuaga,42,104,12,True
ROIsAzuaga,42,104,13,True
ROIsAzuaga,42,104,14,True
ROIsAzuaga,42,104,15,True
ROIsAzuaga,42,104,16,True
ROIsAzuaga,42,104,17,True
ROIsAzuaga,42,104,18,True
ROIsAzuaga,42,104,19,True
ROIsAzuaga,42,104,20,True
ROIsAzuaga,42,104,21,True
ROIsAzuaga,42,104,22,True
ROIsAzuaga,42,104,25,True
ROIsAzuaga,42,104,26,True
ROIsAzuaga,42,104,27,True
ROIsAzuaga,42,104,29,True
ROIsAzuaga,42,105,6,True
ROIsAzuaga,42,105,8,True
ROIsAzuaga,42,105,9,True
ROIsAzuaga,42,105,11,True
ROIsAzuaga,42,105,12,True
ROIsAzuaga,42,105,13,True
ROIsAzuaga,42,105,14,True
ROIsAzuaga,42,105,15,True
ROIsAzuaga,42,105,16,True
ROIsAzuaga,42,105,17,True
ROIsAzuaga,42,105,18,True
ROIsAzuaga,42,105,20,True
ROIsAzuaga,42,105,21,True
ROIsAzuaga,42,105,22,True
ROIsAzuaga,42,105,25,True
ROIsAzuaga,42,105,26,True
ROIsAzuaga,42,106,6,True
ROIsAzuaga,42,106,8,True
ROIsAzuaga,42,106,9,True
ROIsAzuaga,42,106,10,True
ROIsAzuaga,42,106,11,True
ROIsAzuaga,42,106,12,True
ROIsAzuaga,42,106,13,True
ROIsAzuaga,42,106,14,True
ROIsAzuaga,42,106,15,True
ROIsAzuaga,42,106,16,True
ROIsAzuaga,42,106,17,True
ROIsAzuaga,42,106,18,True
ROIsAzuaga,42,106,20,True
ROIsAzuaga,42,106,21,True
ROIsAzuaga,42,106,22,True
ROIsAzuaga,42,106,23,True
ROIsAzuaga,42,106,25,True
ROIsAzuaga,42,106,26,True
ROIsAzuaga,42,106,27,True
ROIsAzuaga,42,107,6,True
ROIsAzuaga,42,107,8,True
ROIsAzuaga,42,107,9,True
ROIsAzuaga,42,107,10,True
ROIsAzuaga,42,107,11,True
ROIsAzuaga,42,107,12,True
ROIsAzuaga,42,107,13,True
ROIsAzuaga,42,107,14,True
ROIsAzuaga,42,107,15,True
ROIsAzuaga,42,107,16,True
ROIsAzuaga,42,107,17,True
ROIsAzuaga,42,107,18,True
ROIsAzuaga,42,107,20,True
ROIsAzuaga,42,107,21,True
ROIsAzuaga,42,107,22,True
ROIsAzuaga,42,107,25,True
ROIsAzuaga,42,107,26,True
ROIsAzuaga,42,108,6,True
ROIsAzuaga,42,108,8,True
ROIsAzuaga,42,108,9,True
ROIsAzuaga,42,108,10,True
ROIsAzuaga,42,108,12,True
ROIsAzuaga,42,108,13,True
ROIsAzuaga,42,108,14,True
ROIsAzuaga,42,108,15,True
ROIsAzuaga,42,108,16,True
ROIsAzuaga,42,108,17,True
ROIsAzuaga,42,108,18,True
ROIsAzuaga,42,108,20,True
ROIsAzuaga,42,108,21,True
ROIsAzuaga,42,108,22,True
ROIsAzuaga,42,108,25,True
ROIsAzuaga,42,108,26,True
ROIsAzuaga,42,108,27,True
ROIsAzuaga,42,109,6,True
ROIsAzuaga,42,109,9,True
ROIsAzuaga,42,109,10,True
ROIsAzuaga,42,109,12,True
ROIsAzuaga,42,109,13,True
ROIsAzuaga,42,109,14,True
ROIsAzuaga,42,109,15,True
ROIsAzuaga,42,109,16,True
ROIsAzuaga,42,109,17,True
ROIsAzuaga,42,109,18,True
ROIsAzuaga,42,109,20,True
ROIsAzuaga,42,109,21,True
ROIsAzuaga,42,109,22,True
ROIsAzuaga,42,109,25,True
ROIsAzuaga,42,109,26,True
ROIsAzuaga,42,110,6,True
ROIsAzuaga,42,110,7,True
ROIsAzuaga,42,110,8,True
ROIsAzuaga,42,110,9,True
ROIsAzuaga,42,110,10,True
ROIsAzuaga,42,110,11,True
ROIsAzuaga,42,110,12,True
ROIsAzuaga,42,110,13,True
ROIsAzuaga,42,110,14,True
ROIsAzuaga,42,110,16,True
ROIsAzuaga,42,110,17,True
ROIsAzuaga,42,110,18,True
ROIsAzuaga,42,110,20,True
ROIsAzuaga,42,110,21,True
ROIsAzuaga,42,110,22,True
ROIsAzuaga,42,110,23,True
ROIsAzuaga,42,110,25,True
ROIsAzuaga,42,110,26,True
ROIsAzuaga,42,110,29,True
ROIsAzuaga,42,111,6,True
ROIsAzuaga,42,111,9,True
ROIsAzuaga,42,111,10,True
ROIsAzuaga,42,111,12,True
ROIsAzuaga,42,111,13,True
ROIsAzuaga,42,111,14,True
ROIsAzuaga,42,111,16,True
ROIsAzuaga,42,111,17,True
ROIsAzuaga,42,111,18,True
ROIsAzuaga,42,111,20,True
ROIsAzuaga,42,111,21,True
ROIsAzuaga,42,111,22,True
ROIsAzuaga,42,111,25,True
ROIsAzuaga,42,111,26,True
ROIsAzuaga,42,111,29,True
ROIsAzuaga,42,112,6,True
ROIsAzuaga,42,112,7,True
ROIsAzuaga,42,112,8,True
ROIsAzuaga,42,112,9,True
ROIsAzuaga,42,112,10,True
ROIsAzuaga,42,112,12,True
ROIsAzuaga,42,112,13,True
ROIsAzuaga,42,112,14,True
ROIsAzuaga,42,112,16,True
ROIsAzuaga,42,112,17,True
ROIsAzuaga,42,112,18,True
ROIsAzuaga,42,112,20,True
ROIsAzuaga,42,112,21,True
ROIsAzuaga,42,112,22,True
ROIsAzuaga,42,112,25,True
ROIsAzuaga,42,112,26,True
ROIsAzuaga,42,112,27,True
ROIsAzuaga,42,112,29,True
ROIsAzuaga,42,113,6,True
ROIsAzuaga,42,113,7,True
ROIsAzuaga,42,113,8,True
ROIsAzuaga,42,113,9,True
ROIsAzuaga,42,113,10,True
ROIsAzuaga,42,113,12,True
ROIsAzuaga,42,113,14,True
ROIsAzuaga,42,113,16,True
ROIsAzuaga,42,113,17,True
ROIsAzuaga,42,113,18,True
ROIsAzuaga,42,113,20,True
ROIsAzuaga,42,113,21,True
ROIsAzuaga,42,113,22,True
ROIsAzuaga,42,113,25,True
ROIsAzuaga,42,113,26,True
ROIsAzuaga,42,113,27,True
ROIsAzuaga,42,113,29,True
ROIsAzuaga,42,114,6,True
ROIsAzuaga,42,114,7,True
ROIsAzuaga,42,114,8,True
ROIsAzuaga,42,114,9,True
ROIsAzuaga,42,114,10,True
ROIsAzuaga,42,114,12,True
ROIsAzuaga,42,114,13,True
ROIsAzuaga,42,114,14,True
ROIsAzuaga,42,114,16,True
ROIsAzuaga,42,114,17,True
ROIsAzuaga,42,114,18,True
ROIsAzuaga,42,114,20,True
ROIsAzuaga,42,114,21,True
ROIsAzuaga,42,114,22,True
ROIsAzuaga,42,114,25,True
ROIsAzuaga,42,114,26,True
ROIsAzuaga,42,114,27,True
ROIsAzuaga,42,114,29,True
ROIsAzuaga,42,115,6,True
ROIsAzuaga,42,115,8,True
ROIsAzuaga,42,115,9,True
ROIsAzuaga,42,115,10,True
ROIsAzuaga,42,115,11,True
ROIsAzuaga,42,115,12,True
ROIsAzuaga,42,115,13,True
ROIsAzuaga,42,115,14,True
ROIsAzuaga,42,115,16,True
ROIsAzuaga,42,115,17,True
ROIsAzuaga,42,115,18,True
ROIsAzuaga,42,115,20,True
ROIsAzuaga,42,115,21,True
ROIsAzuaga,42,115,22,True
ROIsAzuaga,42,115,25,True
ROIsAzuaga,42,115,26,True
ROIsAzuaga,42,115,27,True
ROIsAzuaga,42,115,29,True
ROIsAzuaga,42,116,6,True
ROIsAzuaga,42,116,8,True
ROIsAzuaga,42,116,9,True
ROIsAzuaga,42,116,10,True
ROIsAzuaga,42,116,12,True
ROIsAzuaga,42,116,13,True
ROIsAzuaga,42,116,14,True
ROIsAzuaga,42,116,16,True
ROIsAzuaga,42,116,17,True
ROIsAzuaga,42,116,18,True
ROIsAzuaga,42,116,19,True
ROIsAzuaga,42,116,20,True
ROIsAzuaga,42,116,21,True
ROIsAzuaga,42,116,22,True
ROIsAzuaga,42,116,23,True
ROIsAzuaga,42,116,25,True
ROIsAzuaga,42,116,26,True
ROIsAzuaga,42,116,27,True
ROIsAzuaga,42,116,29,True
ROIsAzuaga,42,117,6,True
ROIsAzuaga,42,117,8,True
ROIsAzuaga,42,117,9,True
ROIsAzuaga,42,117,10,True
ROIsAzuaga,42,117,12,True
ROIsAzuaga,42,117,13,True
ROIsAzuaga,42,117,14,True
ROIsAzuaga,42,117,16,True
ROIsAzuaga,42,117,17,True
ROIsAzuaga,42,117,18,True
ROIsAzuaga,42,117,20,True
ROIsAzuaga,42,117,21,True
ROIsAzuaga,42,117,22,True
ROIsAzuaga,42,117,23,True
ROIsAzuaga,42,117,25,True
ROIsAzuaga,42,117,26,True
ROIsAzuaga,42,117,27,True
ROIsAzuaga,42,117,29,True
ROIsAzuaga,42,118,6,True
ROIsAzuaga,42,118,9,True
ROIsAzuaga,42,118,10,True
ROIsAzuaga,42,118,12,True
ROIsAzuaga,42,118,13,True
ROIsAzuaga,42,118,14,True
ROIsAzuaga,42,118,16,True
ROIsAzuaga,42,118,17,True
ROIsAzuaga,42,118,18,True
ROIsAzuaga,42,118,20,True
ROIsAzuaga,42,118,21,True
ROIsAzuaga,42,118,22,True
ROIsAzuaga,42,118,25,True
ROIsAzuaga,42,118,26,True
ROIsAzuaga,42,118,27,True
ROIsAzuaga,42,118,29,True
ROIsAzuaga,42,119,6,True
ROIsAzuaga,42,119,8,True
ROIsAzuaga,42,119,9,True
ROIsAzuaga,42,119,11,True
ROIsAzuaga,42,119,12,True
ROIsAzuaga,42,119,13,True
ROIsAzuaga,42,119,14,True
ROIsAzuaga,42,119,15,True
ROIsAzuaga,42,119,16,True
ROIsAzuaga,42,119,17,True
ROIsAzuaga,42,119,18,True
ROIsAzuaga,42,119,20,True
ROIsAzuaga,42,119,22,True
ROIsAzuaga,42,119,25,True
ROIsAzuaga,42,119,26,True
ROIsAzuaga,42,119,29,True
ROIsAzuaga,42,120,6,True
ROIsAzuaga,42,120,8,True
ROIsAzuaga,42,120,9,True
ROIsAzuaga,42,120,11,True
ROIsAzuaga,42,120,12,True
ROIsAzuaga,42,120,13,True
ROIsAzuaga,42,120,14,True
ROIsAzuaga,42,120,15,True
ROIsAzuaga,42,120,16,True
ROIsAzuaga,42,120,17,True
ROIsAzuaga,42,120,18,True
ROIsAzuaga,42,120,20,True
ROIsAzuaga,42,120,21,True
ROIsAzuaga,42,120,22,True
ROIsAzuaga,42,120,25,True
ROIsAzuaga,42,120,26,True
ROIsAzuaga,42,120,27,True
ROIsAzuaga,42,120,29,True
ROIsAzuaga,42,121,6,True
ROIsAzuaga,42,121,8,True
ROIsAzuaga,42,121,9,True
ROIsAzuaga,42,121,11,True
ROIsAzuaga,42,121,12,True
ROIsAzuaga,42,121,13,True
ROIsAzuaga,42,121,14,True
ROIsAzuaga,42,121,15,True
ROIsAzuaga,42,121,16,True
ROIsAzuaga,42,121,17,True
ROIsAzuaga,42,121,18,True
ROIsAzuaga,42,121,20,True
ROIsAzuaga,42,121,21,True
ROIsAzuaga,42,121,22,True
ROIsAzuaga,42,121,23,True
ROIsAzuaga,42,121,25,True
ROIsAzuaga,42,121,26,True
ROIsAzuaga,42,121,27,True
ROIsAzuaga,42,122,6,True
ROIsAzuaga,42,122,8,True
ROIsAzuaga,42,122,9,True
ROIsAzuaga,42,122,12,True
ROIsAzuaga,42,122,13,True
ROIsAzuaga,42,122,14,True
ROIsAzuaga,42,122,15,True
ROIsAzuaga,42,122,16,True
ROIsAzuaga,42,122,17,True
ROIsAzuaga,42,122,18,True
ROIsAzuaga,42,122,20,True
ROIsAzuaga,42,122,21,True
ROIsAzuaga,42,122,22,True
ROIsAzuaga,42,122,25,True
ROIsAzuaga,42,122,26,True
ROIsAzuaga,42,122,27,True
ROIsAzuaga,42,123,6,True
ROIsAzuaga,42,123,8,True
ROIsAzuaga,42,123,9,True
ROIsAzuaga,42,123,10,True
ROIsAzuaga,42,123,11,True
ROIsAzuaga,42,123,12,True
ROIsAzuaga,42,123,13,True
ROIsAzuaga,42,123,14,True
ROIsAzuaga,42,123,15,True
ROIsAzuaga,42,123,16,True
ROIsAzuaga,42,123,17,True
ROIsAzuaga,42,123,18,True
ROIsAzuaga,42,123,20,True
ROIsAzuaga,42,123,21,True
ROIsAzuaga,42,123,22,True
ROIsAzuaga,42,123,25,True
ROIsAzuaga,42,123,26,True
ROIsAzuaga,42,123,27,True
ROIsAzuaga,42,123,29,True
ROIsAzuaga,42,124,6,True
ROIsAzuaga,42,124,8,True
ROIsAzuaga,42,124,9,True
ROIsAzuaga,42,124,10,True
ROIsAzuaga,42,124,11,True
ROIsAzuaga,42,124,12,True
ROIsAzuaga,42,124,13,True
ROIsAzuaga,42,124,14,True
ROIsAzuaga,42,124,15,True
ROIsAzuaga,42,124,16,True
ROIsAzuaga,42,124,17,True
ROIsAzuaga,42,124,18,True
ROIsAzuaga,42,124,20,True
ROIsAzuaga,42,124,21,True
ROIsAzuaga,42,124,22,True
ROIsAzuaga,42,124,25,True
ROIsAzuaga,42,124,26,True
ROIsAzuaga,42,124,27,True
ROIsAzuaga,42,125,6,True
ROIsAzuaga,42,125,8,True
ROIsAzuaga,42,125,9,True
ROIsAzuaga,42,125,10,True
ROIsAzuaga,42,125,11,True
ROIsAzuaga,42,125,12,True
ROIsAzuaga,42,125,13,True
ROIsAzuaga,42,125,14,True
ROIsAzuaga,42,125,15,True
ROIsAzuaga,42,125,16,True
ROIsAzuaga,42,125,17,True
ROIsAzuaga,42,125,18,True
ROIsAzuaga,42,125,20,True
ROIsAzuaga,42,125,21,True
ROIsAzuaga,42,125,22,True
ROIsAzuaga,42,125,25,True
ROIsAzuaga,42,125,26,True
ROIsAzuaga,42,126,6,True
ROIsAzuaga,42,126,7,True
ROIsAzuaga,42,126,8,True
ROIsAzuaga,42,126,9,True
ROIsAzuaga,42,126,10,True
ROIsAzuaga,42,126,12,True
ROIsAzuaga,42,126,13,True
ROIsAzuaga,42,126,14,True
ROIsAzuaga,42,126,15,True
ROIsAzuaga,42,126,16,True
ROIsAzuaga,42,126,17,True
ROIsAzuaga,42,126,18,True
ROIsAzuaga,42,126,20,True
ROIsAzuaga,42,126,21,True
ROIsAzuaga,42,126,22,True
ROIsAzuaga,42,126,25,True
ROIsAzuaga,42,126,26,True
ROIsAzuaga,42,127,6,True
ROIsAzuaga,42,127,8,True
ROIsAzuaga,42,127,9,True
ROIsAzuaga,42,127,10,True
ROIsAzuaga,42,127,12,True
ROIsAzuaga,42,127,13,True
ROIsAzuaga,42,127,14,True
ROIsAzuaga,42,127,16,True
ROIsAzuaga,42,127,17,True
ROIsAzuaga,42,127,18,True
ROIsAzuaga,42,127,20,True
ROIsAzuaga,42,127,21,True
ROIsAzuaga,42,127,22,True
ROIsAzuaga,42,127,25,True
ROIsAzuaga,42,127,26,True
ROIsAzuaga,42,127,27,True
ROIsAzuaga,42,127,29,True
ROIsAzuaga,42,128,6,True
ROIsAzuaga,42,128,8,True
ROIsAzuaga,42,128,9,True
ROIsAzuaga,42,128,10,True
ROIsAzuaga,42,128,12,True
ROIsAzuaga,42,128,13,True
ROIsAzuaga,42,128,14,True
ROIsAzuaga,42,128,16,True
ROIsAzuaga,42,128,17,True
ROIsAzuaga,42,128,18,True
ROIsAzuaga,42,128,19,True
ROIsAzuaga,42,128,20,True
ROIsAzuaga,42,128,21,True
ROIsAzuaga,42,128,22,True
ROIsAzuaga,42,128,25,True
ROIsAzuaga,42,128,26,True
ROIsAzuaga,42,128,29,True
ROIsAzuaga,42,129,6,True
ROIsAzuaga,42,129,7,True
ROIsAzuaga,42,129,9,True
ROIsAzuaga,42,129,10,True
ROIsAzuaga,42,129,12,True
ROIsAzuaga,42,129,13,True
ROIsAzuaga,42,129,14,True
ROIsAzuaga,42,129,16,True
ROIsAzuaga,42,129,17,True
ROIsAzuaga,42,129,18,True
ROIsAzuaga,42,129,20,True
ROIsAzuaga,42,129,21,True
ROIsAzuaga,42,129,22,True
ROIsAzuaga,42,129,25,True
ROIsAzuaga,42,129,26,True
ROIsAzuaga,42,129,29,True
ROIsAzuaga,42,130,6,True
ROIsAzuaga,42,130,8,True
ROIsAzuaga,42,130,9,True
ROIsAzuaga,42,130,10,True
ROIsAzuaga,42,130,12,True
ROIsAzuaga,42,130,13,True
ROIsAzuaga,42,130,14,True
ROIsAzuaga,42,130,16,True
ROIsAzuaga,42,130,17,True
ROIsAzuaga,42,130,18,True
ROIsAzuaga,42,130,20,True
ROIsAzuaga,42,130,21,True
ROIsAzuaga,42,130,22,True
ROIsAzuaga,42,130,25,True
ROIsAzuaga,42,130,26,True
ROIsAzuaga,42,130,27,True
ROIsAzuaga,42,130,29,True
ROIsAzuaga,42,131,6,True
ROIsAzuaga,42,131,9,True
ROIsAzuaga,42,131,10,True
ROIsAzuaga,42,131,12,True
ROIsAzuaga,42,131,13,True
ROIsAzuaga,42,131,14,True
ROIsAzuaga,42,131,16,True
ROIsAzuaga,42,131,17,True
ROIsAzuaga,42,131,18,True
ROIsAzuaga,42,131,19,True
ROIsAzuaga,42,131,20,True
ROIsAzuaga,42,131,22,True
ROIsAzuaga,42,131,25,True
ROIsAzuaga,42,131,26,True
ROIsAzuaga,42,131,27,True
ROIsAzuaga,42,131,29,True
ROIsAzuaga,42,132,6,True
ROIsAzuaga,42,132,8,True
ROIsAzuaga,42,132,9,True
ROIsAzuaga,42,132,10,True
ROIsAzuaga,42,132,12,True
ROIsAzuaga,42,132,13,True
ROIsAzuaga,42,132,14,True
ROIsAzuaga,42,132,16,True
ROIsAzuaga,42,132,17,True
ROIsAzuaga,42,132,18,True
ROIsAzuaga,42,132,20,True
ROIsAzuaga,42,132,21,True
ROIsAzuaga,42,132,22,True
ROIsAzuaga,42,132,25,True
ROIsAzuaga,42,132,26,True
ROIsAzuaga,42,132,27,True
ROIsAzuaga,42,133,6,True
ROIsAzuaga,42,133,9,True
ROIsAzuaga,42,133,10,True
ROIsAzuaga,42,133,12,True
ROIsAzuaga,42,133,13,True
ROIsAzuaga,42,133,14,True
ROIsAzuaga,42,133,16,True
ROIsAzuaga,42,133,17,True
ROIsAzuaga,42,133,18,True
ROIsAzuaga,42,133,19,True
ROIsAzuaga,42,133,20,True
ROIsAzuaga,42,133,21,True
ROIsAzuaga,42,133,22,True
ROIsAzuaga,42,133,25,True
ROIsAzuaga,42,133,26,True
ROIsAzuaga,42,133,27,True
ROIsAzuaga,42,134,6,True
ROIsAzuaga,42,134,8,True
ROIsAzuaga,42,134,9,True
ROIsAzuaga,42,134,10,True
ROIsAzuaga,42,134,12,True
ROIsAzuaga,42,134,13,True
ROIsAzuaga,42,134,14,True
ROIsAzuaga,42,134,16,True
ROIsAzuaga,42,134,17,True
ROIsAzuaga,42,134,18,True
ROIsAzuaga,42,134,19,True
ROIsAzuaga,42,134,20,True
ROIsAzuaga,42,134,21,True
ROIsAzuaga,42,134,22,True
ROIsAzuaga,42,134,23,True
ROIsAzuaga,42,134,25,True
ROIsAzuaga,42,134,26,True
ROIsAzuaga,42,134,27,True
ROIsAzuaga,42,134,29,True
ROIsAzuaga,42,135,6,True
ROIsAzuaga,42,135,8,True
ROIsAzuaga,42,135,9,True
ROIsAzuaga,42,135,10,True
ROIsAzuaga,42,135,12,True
ROIsAzuaga,42,135,13,True
ROIsAzuaga,42,135,14,True
ROIsAzuaga,42,135,16,True
ROIsAzuaga,42,135,17,True
ROIsAzuaga,42,135,18,True
ROIsAzuaga,42,135,19,True
ROIsAzuaga,42,135,20,True
ROIsAzuaga,42,135,21,True
ROIsAzuaga,42,135,22,True
ROIsAzuaga,42,135,25,True
ROIsAzuaga,42,135,26,True
ROIsAzuaga,42,135,27,True
ROIsAzuaga,42,135,29,True
ROIsAzuaga,42,136,6,True
ROIsAzuaga,42,136,8,True
ROIsAzuaga,42,136,9,True
ROIsAzuaga,42,136,10,True
ROIsAzuaga,42,136,11,True
ROIsAzuaga,42,136,12,True
ROIsAzuaga,42,136,13,True
ROIsAzuaga,42,136,14,True
ROIsAzuaga,42,136,15,True
ROIsAzuaga,42,136,16,True
ROIsAzuaga,42,136,17,True
ROIsAzuaga,42,136,18,True
ROIsAzuaga,42,136,20,True
ROIsAzuaga,42,136,21,True
ROIsAzuaga,42,136,22,True
ROIsAzuaga,42,136,25,True
ROIsAzuaga,42,136,26,True
ROIsAzuaga,42,136,27,True
ROIsAzuaga,42,136,29,True
ROIsAzuaga,42,137,6,True
ROIsAzuaga,42,137,8,True
ROIsAzuaga,42,137,9,True
ROIsAzuaga,42,137,11,True
ROIsAzuaga,42,137,12,True
ROIsAzuaga,42,137,13,True
ROIsAzuaga,42,137,14,True
ROIsAzuaga,42,137,15,True
ROIsAzuaga,42,137,16,True
ROIsAzuaga,42,137,17,True
ROIsAzuaga,42,137,18,True
ROIsAzuaga,42,137,20,True
ROIsAzuaga,42,137,21,True
ROIsAzuaga,42,137,22,True
ROIsAzuaga,42,137,23,True
ROIsAzuaga,42,137,25,True
ROIsAzuaga,42,137,27,True
ROIsAzuaga,42,137,29,True
ROIsAzuaga,42,138,6,True
ROIsAzuaga,42,138,8,True
ROIsAzuaga,42,138,9,True
ROIsAzuaga,42,138,11,True
ROIsAzuaga,42,138,12,True
ROIsAzuaga,42,138,13,True
ROIsAzuaga,42,138,14,True
ROIsAzuaga,42,138,15,True
ROIsAzuaga,42,138,16,True
ROIsAzuaga,42,138,17,True
ROIsAzuaga,42,138,18,True
ROIsAzuaga,42,138,20,True
ROIsAzuaga,42,138,21,True
ROIsAzuaga,42,138,22,True
ROIsAzuaga,42,138,25,True
ROIsAzuaga,42,138,26,True
ROIsAzuaga,42,138,27,True
ROIsAzuaga,42,138,29,True
ROIsAzuaga,42,139,6,True
ROIsAzuaga,42,139,8,True
ROIsAzuaga,42,139,9,True
ROIsAzuaga,42,139,10,True
ROIsAzuaga,42,139,11,True
ROIsAzuaga,42,139,12,True
ROIsAzuaga,42,139,13,True
ROIsAzuaga,42,139,14,True
ROIsAzuaga,42,139,15,True
ROIsAzuaga,42,139,16,True
ROIsAzuaga,42,139,17,True
ROIsAzuaga,42,139,18,True
ROIsAzuaga,42,139,20,True
ROIsAzuaga,42,139,21,True
ROIsAzuaga,42,139,22,True
ROIsAzuaga,42,139,25,True
ROIsAzuaga,42,139,26,True
ROIsAzuaga,42,139,27,True
ROIsAzuaga,42,139,29,True
ROIsAzuaga,42,140,6,True
ROIsAzuaga,42,140,8,True
ROIsAzuaga,42,140,9,True
ROIsAzuaga,42,140,10,True
ROIsAzuaga,42,140,11,True
ROIsAzuaga,42,140,12,True
ROIsAzuaga,42,140,13,True
ROIsAzuaga,42,140,14,True
ROIsAzuaga,42,140,15,True
ROIsAzuaga,42,140,16,True
ROIsAzuaga,42,140,17,True
ROIsAzuaga,42,140,18,True
ROIsAzuaga,42,140,20,True
ROIsAzuaga,42,140,21,True
ROIsAzuaga,42,140,22,True
ROIsAzuaga,42,140,25,True
ROIsAzuaga,42,140,26,True
ROIsAzuaga,42,141,6,True
ROIsAzuaga,42,141,8,True
ROIsAzuaga,42,141,9,True
ROIsAzuaga,42,141,10,True
ROIsAzuaga,42,141,11,True
ROIsAzuaga,42,141,12,True
ROIsAzuaga,42,141,13,True
ROIsAzuaga,42,141,14,True
ROIsAzuaga,42,141,15,True
ROIsAzuaga,42,141,16,True
ROIsAzuaga,42,141,17,True
ROIsAzuaga,42,141,18,True
ROIsAzuaga,42,141,20,True
ROIsAzuaga,42,141,21,True
ROIsAzuaga,42,141,22,True
ROIsAzuaga,42,141,25,True
ROIsAzuaga,42,141,26,True
ROIsAzuaga,42,142,6,True
ROIsAzuaga,42,142,8,True
ROIsAzuaga,42,142,9,True
ROIsAzuaga,42,142,10,True
ROIsAzuaga,42,142,11,True
ROIsAzuaga,42,142,12,True
ROIsAzuaga,42,142,13,True
ROIsAzuaga,42,142,14,True
ROIsAzuaga,42,142,15,True
ROIsAzuaga,42,142,16,True
ROIsAzuaga,42,142,17,True
ROIsAzuaga,42,142,18,True
ROIsAzuaga,42,142,20,True
ROIsAzuaga,42,142,21,True
ROIsAzuaga,42,142,22,True
ROIsAzuaga,42,142,25,True
ROIsAzuaga,42,142,26,True
ROIsAzuaga,42,143,6,True
ROIsAzuaga,42,143,8,True
ROIsAzuaga,42,143,9,True
ROIsAzuaga,42,143,10,True
ROIsAzuaga,42,143,11,True
ROIsAzuaga,42,143,12,True
ROIsAzuaga,42,143,13,True
ROIsAzuaga,42,143,14,True
ROIsAzuaga,42,143,15,True
ROIsAzuaga,42,143,16,True
ROIsAzuaga,42,143,17,True
ROIsAzuaga,42,143,18,True
ROIsAzuaga,42,143,20,True
ROIsAzuaga,42,143,21,True
ROIsAzuaga,42,143,22,True
ROIsAzuaga,42,143,25,True
ROIsAzuaga,42,143,26,True
ROIsAzuaga,42,143,27,True
ROIsAzuaga,42,144,6,True
ROIsAzuaga,42,144,8,True
ROIsAzuaga,42,144,9,True
ROIsAzuaga,42,144,10,True
ROIsAzuaga,42,144,11,True
ROIsAzuaga,42,144,12,True
ROIsAzuaga,42,144,13,True
ROIsAzuaga,42,144,14,True
ROIsAzuaga,42,144,15,True
ROIsAzuaga,42,144,16,True
ROIsAzuaga,42,144,17,True
ROIsAzuaga,42,144,18,True
ROIsAzuaga,42,144,20,True
ROIsAzuaga,42,144,21,True
ROIsAzuaga,42,144,22,True
ROIsAzuaga,42,144,25,True
ROIsAzuaga,42,144,26,True
ROIsAzuaga,42,144,27,True
ROIsAzuaga,42,144,29,True
ROIsAzuaga,42,145,6,True
ROIsAzuaga,42,145,8,True
ROIsAzuaga,42,145,9,True
ROIsAzuaga,42,145,10,True
ROIsAzuaga,42,145,12,True
ROIsAzuaga,42,145,13,True
ROIsAzuaga,42,145,14,True
ROIsAzuaga,42,145,16,True
ROIsAzuaga,42,145,17,True
ROIsAzuaga,42,145,18,True
ROIsAzuaga,42,145,20,True
ROIsAzuaga,42,145,21,True
ROIsAzuaga,42,145,22,True
ROIsAzuaga,42,145,25,True
ROIsAzuaga,42,145,26,True
ROIsAzuaga,42,145,29,True
ROIsAzuaga,42,146,6,True
ROIsAzuaga,42,146,9,True
ROIsAzuaga,42,146,10,True
ROIsAzuaga,42,146,12,True
ROIsAzuaga,42,146,13,True
ROIsAzuaga,42,146,14,True
ROIsAzuaga,42,146,16,True
ROIsAzuaga,42,146,17,True
ROIsAzuaga,42,146,18,True
ROIsAzuaga,42,146,20,True
ROIsAzuaga,42,146,21,True
ROIsAzuaga,42,146,22,True
ROIsAzuaga,42,146,25,True
ROIsAzuaga,42,146,26,True
ROIsAzuaga,42,146,29,True
ROIsAzuaga,42,147,6,True
ROIsAzuaga,42,147,9,True
ROIsAzuaga,42,147,10,True
ROIsAzuaga,42,147,12,True
ROIsAzuaga,42,147,13,True
ROIsAzuaga,42,147,14,True
ROIsAzuaga,42,147,16,True
ROIsAzuaga,42,147,17,True
ROIsAzuaga,42,147,18,True
ROIsAzuaga,42,147,19,True
ROIsAzuaga,42,147,20,True
ROIsAzuaga,42,147,21,True
ROIsAzuaga,42,147,22,True
ROIsAzuaga,42,147,23,True
ROIsAzuaga,42,147,25,True
ROIsAzuaga,42,147,26,True
ROIsAzuaga,42,147,29,True
ROIsAzuaga,42,148,6,True
ROIsAzuaga,42,148,9,True
ROIsAzuaga,42,148,10,True
ROIsAzuaga,42,148,12,True
ROIsAzuaga,42,148,13,True
ROIsAzuaga,42,148,14,True
ROIsAzuaga,42,148,16,True
ROIsAzuaga,42,148,17,True
ROIsAzuaga,42,148,18,True
ROIsAzuaga,42,148,19,True
ROIsAzuaga,42,148,20,True
ROIsAzuaga,42,148,21,True
ROIsAzuaga,42,148,22,True
ROIsAzuaga,42,148,23,True
ROIsAzuaga,42,148,25,True
ROIsAzuaga,42,148,26,True
ROIsAzuaga,42,148,27,True
ROIsAzuaga,42,148,29,True
ROIsAzuaga,42,149,6,True
ROIsAzuaga,42,149,8,True
ROIsAzuaga,42,149,9,True
ROIsAzuaga,42,149,10,True
ROIsAzuaga,42,149,12,True
ROIsAzuaga,42,149,13,True
ROIsAzuaga,42,149,14,True
ROIsAzuaga,42,149,16,True
ROIsAzuaga,42,149,17,True
ROIsAzuaga,42,149,18,True
ROIsAzuaga,42,149,19,True
ROIsAzuaga,42,149,20,True
ROIsAzuaga,42,149,21,True
ROIsAzuaga,42,149,22,True
ROIsAzuaga,42,149,25,True
ROIsAzuaga,42,149,26,True
ROIsAzuaga,42,150,6,True
ROIsAzuaga,42,150,9,True
ROIsAzuaga,42,150,10,True
ROIsAzuaga,42,150,12,True
ROIsAzuaga,42,150,13,True
ROIsAzuaga,42,150,14,True
ROIsAzuaga,42,150,16,True
ROIsAzuaga,42,150,17,True
ROIsAzuaga,42,150,18,True
ROIsAzuaga,42,150,19,True
ROIsAzuaga,42,150,20,True
ROIsAzuaga,42,150,21,True
ROIsAzuaga,42,150,22,True
ROIsAzuaga,42,150,25,True
ROIsAzuaga,42,150,26,True
ROIsAzuaga,42,150,27,True
ROIsAzuaga,42,151,6,True
ROIsAzuaga,42,151,9,True
ROIsAzuaga,42,151,10,True
ROIsAzuaga,42,151,12,True
ROIsAzuaga,42,151,13,True
ROIsAzuaga,42,151,14,True
ROIsAzuaga,42,151,16,True
ROIsAzuaga,42,151,17,True
ROIsAzuaga,42,151,18,True
ROIsAzuaga,42,151,19,True
ROIsAzuaga,42,151,20,True
ROIsAzuaga,42,151,21,True
ROIsAzuaga,42,151,22,True
ROIsAzuaga,42,151,25,True
ROIsAzuaga,42,151,26,True
ROIsAzuaga,42,151,27,True
ROIsAzuaga,42,152,6,True
ROIsAzuaga,42,152,9,True
ROIsAzuaga,42,152,10,True
ROIsAzuaga,42,152,12,True
ROIsAzuaga,42,152,13,True
ROIsAzuaga,42,152,14,True
ROIsAzuaga,42,152,16,True
ROIsAzuaga,42,152,17,True
ROIsAzuaga,42,152,18,True
ROIsAzuaga,42,152,19,True
ROIsAzuaga,42,152,20,True
ROIsAzuaga,42,152,21,True
ROIsAzuaga,42,152,22,True
ROIsAzuaga,42,152,23,True
ROIsAzuaga,42,152,25,True
ROIsAzuaga,42,152,26,True
ROIsAzuaga,42,152,27,True
ROIsAzuaga,42,152,29,True
ROIsAzuaga,42,153,6,True
ROIsAzuaga,42,153,8,True
ROIsAzuaga,42,153,9,True
ROIsAzuaga,42,153,10,True
ROIsAzuaga,42,153,12,True
ROIsAzuaga,42,153,13,True
ROIsAzuaga,42,153,14,True
ROIsAzuaga,42,153,15,True
ROIsAzuaga,42,153,16,True
ROIsAzuaga,42,153,17,True
ROIsAzuaga,42,153,18,True
ROIsAzuaga,42,153,19,True
ROIsAzuaga,42,153,20,True
ROIsAzuaga,42,153,21,True
ROIsAzuaga,42,153,22,True
ROIsAzuaga,42,153,25,True
ROIsAzuaga,42,153,26,True
ROIsAzuaga,42,153,27,True
ROIsAzuaga,42,153,29,True
ROIsAzuaga,42,154,6,True
ROIsAzuaga,42,154,8,True
ROIsAzuaga,42,154,9,True
ROIsAzuaga,42,154,10,True
ROIsAzuaga,42,154,11,True
ROIsAzuaga,42,154,12,True
ROIsAzuaga,42,154,13,True
ROIsAzuaga,42,154,14,True
ROIsAzuaga,42,154,15,True
ROIsAzuaga,42,154,16,True
ROIsAzuaga,42,154,17,True
ROIsAzuaga,42,154,18,True
ROIsAzuaga,42,154,20,True
ROIsAzuaga,42,154,21,True
ROIsAzuaga,42,154,22,True
ROIsAzuaga,42,154,23,True
ROIsAzuaga,42,154,25,True
ROIsAzuaga,42,154,26,True
ROIsAzuaga,42,154,27,True
ROIsAzuaga,42,154,29,True
ROIsAzuaga,42,155,6,True
ROIsAzuaga,42,155,8,True
ROIsAzuaga,42,155,9,True
ROIsAzuaga,42,155,10,True
ROIsAzuaga,42,155,11,True
ROIsAzuaga,42,155,12,True
ROIsAzuaga,42,155,13,True
ROIsAzuaga,42,155,14,True
ROIsAzuaga,42,155,15,True
ROIsAzuaga,42,155,16,True
ROIsAzuaga,42,155,17,True
ROIsAzuaga,42,155,18,True
ROIsAzuaga,42,155,20,True
ROIsAzuaga,42,155,21,True
ROIsAzuaga,42,155,22,True
ROIsAzuaga,42,155,25,True
ROIsAzuaga,42,155,27,True
ROIsAzuaga,42,155,29,True
ROIsAzuaga,42,156,6,True
ROIsAzuaga,42,156,8,True
ROIsAzuaga,42,156,9,True
ROIsAzuaga,42,156,10,True
ROIsAzuaga,42,156,11,True
ROIsAzuaga,42,156,12,True
ROIsAzuaga,42,156,13,True
ROIsAzuaga,42,156,14,True
ROIsAzuaga,42,156,15,True
ROIsAzuaga,42,156,16,True
ROIsAzuaga,42,156,17,True
ROIsAzuaga,42,156,18,True
ROIsAzuaga,42,156,20,True
ROIsAzuaga,42,156,21,True
ROIsAzuaga,42,156,22,True
ROIsAzuaga,42,156,25,True
ROIsAzuaga,42,156,27,True
ROIsAzuaga,42,157,6,True
ROIsAzuaga,42,157,8,True
ROIsAzuaga,42,157,9,True
ROIsAzuaga,42,157,10,True
ROIsAzuaga,42,157,11,True
ROIsAzuaga,42,157,12,True
ROIsAzuaga,42,157,13,True
ROIsAzuaga,42,157,14,True
ROIsAzuaga,42,157,15,True
ROIsAzuaga,42,157,16,True
ROIsAzuaga,42,157,17,True
ROIsAzuaga,42,157,18,True
ROIsAzuaga,42,157,19,True
ROIsAzuaga,42,157,20,True
ROIsAzuaga,42,157,21,True
ROIsAzuaga,42,157,22,True
ROIsAzuaga,42,157,25,True
ROIsAzuaga,42,157,26,True
ROIsAzuaga,42,157,27,True
ROIsAzuaga,42,158,6,True
ROIsAzuaga,42,158,8,True
ROIsAzuaga,42,158,9,True
ROIsAzuaga,42,158,10,True
ROIsAzuaga,42,158,11,True
ROIsAzuaga,42,158,12,True
ROIsAzuaga,42,158,13,True
ROIsAzuaga,42,158,14,True
ROIsAzuaga,42,158,15,True
ROIsAzuaga,42,158,16,True
ROIsAzuaga,42,158,17,True
ROIsAzuaga,42,158,18,True
ROIsAzuaga,42,158,20,True
ROIsAzuaga,42,158,21,True
ROIsAzuaga,42,158,22,True
ROIsAzuaga,42,158,25,True
ROIsAzuaga,42,158,26,True
ROIsAzuaga,42,158,27,True
ROIsAzuaga,42,159,6,True
ROIsAzuaga,42,159,8,True
ROIsAzuaga,42,159,9,True
ROIsAzuaga,42,159,10,True
ROIsAzuaga,42,159,11,True
ROIsAzuaga,42,159,12,True
ROIsAzuaga,42,159,13,True
ROIsAzuaga,42,159,14,True
ROIsAzuaga,42,159,15,True
ROIsAzuaga,42,159,16,True
ROIsAzuaga,42,159,17,True
ROIsAzuaga,42,159,18,True
ROIsAzuaga,42,159,20,True
ROIsAzuaga,42,159,21,True
ROIsAzuaga,42,159,22,True
ROIsAzuaga,42,159,25,True
ROIsAzuaga,42,159,26,True
ROIsAzuaga,42,160,6,True
ROIsAzuaga,42,160,8,True
ROIsAzuaga,42,160,9,True
ROIsAzuaga,42,160,10,True
ROIsAzuaga,42,160,11,True
ROIsAzuaga,42,160,12,True
ROIsAzuaga,42,160,13,True
ROIsAzuaga,42,160,14,True
ROIsAzuaga,42,160,15,True
ROIsAzuaga,42,160,16,True
ROIsAzuaga,42,160,17,True
ROIsAzuaga,42,160,18,True
ROIsAzuaga,42,160,20,True
ROIsAzuaga,42,160,21,True
ROIsAzuaga,42,160,22,True
ROIsAzuaga,42,160,25,True
ROIsAzuaga,42,160,26,True
ROIsAzuaga,42,160,27,True
ROIsAzuaga,42,161,6,True
ROIsAzuaga,42,161,8,True
ROIsAzuaga,42,161,9,True
ROIsAzuaga,42,161,10,True
ROIsAzuaga,42,161,11,True
ROIsAzuaga,42,161,12,True
ROIsAzuaga,42,161,13,True
ROIsAzuaga,42,161,14,True
ROIsAzuaga,42,161,15,True
ROIsAzuaga,42,161,16,True
ROIsAzuaga,42,161,17,True
ROIsAzuaga,42,161,18,True
ROIsAzuaga,42,161,20,True
ROIsAzuaga,42,161,21,True
ROIsAzuaga,42,161,22,True
ROIsAzuaga,42,161,25,True
ROIsAzuaga,42,161,26,True
ROIsAzuaga,42,161,27,True
ROIsAzuaga,42,162,6,True
ROIsAzuaga,42,162,8,True
ROIsAzuaga,42,162,9,True
ROIsAzuaga,42,162,10,True
ROIsAzuaga,42,162,11,True
ROIsAzuaga,42,162,12,True
ROIsAzuaga,42,162,13,True
ROIsAzuaga,42,162,14,True
ROIsAzuaga,42,162,15,True
ROIsAzuaga,42,162,16,True
ROIsAzuaga,42,162,17,True
ROIsAzuaga,42,162,18,True
ROIsAzuaga,42,162,20,True
ROIsAzuaga,42,162,21,True
ROIsAzuaga,42,162,22,True
ROIsAzuaga,42,162,23,True
ROIsAzuaga,42,162,25,True
ROIsAzuaga,42,162,26,True
ROIsAzuaga,42,162,29,True
ROIsAzuaga,42,163,6,True
ROIsAzuaga,42,163,8,True
ROIsAzuaga,42,163,9,True
ROIsAzuaga,42,163,10,True
ROIsAzuaga,42,163,11,True
ROIsAzuaga,42,163,12,True
ROIsAzuaga,42,163,13,True
ROIsAzuaga,42,163,14,True
ROIsAzuaga,42,163,15,True
ROIsAzuaga,42,163,16,True
ROIsAzuaga,42,163,17,True
ROIsAzuaga,42,163,18,True
ROIsAzuaga,42,163,20,True
ROIsAzuaga,42,163,21,True
ROIsAzuaga,42,163,22,True
ROIsAzuaga,42,163,25,True
ROIsAzuaga,42,163,26,True
ROIsAzuaga,42,163,29,True
ROIsAzuaga,42,164,6,True
ROIsAzuaga,42,164,8,True
ROIsAzuaga,42,164,9,True
ROIsAzuaga,42,164,10,True
ROIsAzuaga,42,164,12,True
ROIsAzuaga,42,164,13,True
ROIsAzuaga,42,164,14,True
ROIsAzuaga,42,164,15,True
ROIsAzuaga,42,164,16,True
ROIsAzuaga,42,164,17,True
ROIsAzuaga,42,164,18,True
ROIsAzuaga,42,164,20,True
ROIsAzuaga,42,164,21,True
ROIsAzuaga,42,164,22,True
ROIsAzuaga,42,164,25,True
ROIsAzuaga,42,164,26,True
ROIsAzuaga,42,164,27,True
ROIsAzuaga,42,164,29,True
ROIsAzuaga,42,165,6,True
ROIsAzuaga,42,165,9,True
ROIsAzuaga,42,165,10,True
ROIsAzuaga,42,165,12,True
ROIsAzuaga,42,165,13,True
ROIsAzuaga,42,165,14,True
ROIsAzuaga,42,165,16,True
ROIsAzuaga,42,165,17,True
ROIsAzuaga,42,165,18,True
ROIsAzuaga,42,165,19,True
ROIsAzuaga,42,165,20,True
ROIsAzuaga,42,165,21,True
ROIsAzuaga,42,165,22,True
ROIsAzuaga,42,165,25,True
ROIsAzuaga,42,165,26,True
ROIsAzuaga,42,165,27,True
ROIsAzuaga,42,165,29,True
ROIsAzuaga,42,166,6,True
ROIsAzuaga,42,166,8,True
ROIsAzuaga,42,166,9,True
ROIsAzuaga,42,166,10,True
ROIsAzuaga,42,166,12,True
ROIsAzuaga,42,166,13,True
ROIsAzuaga,42,166,14,True
ROIsAzuaga,42,166,16,True
ROIsAzuaga,42,166,17,True
ROIsAzuaga,42,166,18,True
ROIsAzuaga,42,166,19,True
ROIsAzuaga,42,166,20,True
ROIsAzuaga,42,166,21,True
ROIsAzuaga,42,166,22,True
ROIsAzuaga,42,166,23,True
ROIsAzuaga,42,166,25,True
ROIsAzuaga,42,166,26,True
ROIsAzuaga,42,167,6,True
ROIsAzuaga,42,167,8,True
ROIsAzuaga,42,167,9,True
ROIsAzuaga,42,167,10,True
ROIsAzuaga,42,167,12,True
ROIsAzuaga,42,167,13,True
ROIsAzuaga,42,167,14,True
ROIsAzuaga,42,167,16,True
ROIsAzuaga,42,167,17,True
ROIsAzuaga,42,167,18,True
ROIsAzuaga,42,167,19,True
ROIsAzuaga,42,167,20,True
ROIsAzuaga,42,167,21,True
ROIsAzuaga,42,167,22,True
ROIsAzuaga,42,167,25,True
ROIsAzuaga,42,167,26,True
ROIsAzuaga,42,167,27,True
ROIsAzuaga,42,168,6,True
ROIsAzuaga,42,168,8,True
ROIsAzuaga,42,168,9,True
ROIsAzuaga,42,168,10,True
ROIsAzuaga,42,168,12,True
ROIsAzuaga,42,168,13,True
ROIsAzuaga,42,168,14,True
ROIsAzuaga,42,168,16,True
ROIsAzuaga,42,168,17,True
ROIsAzuaga,42,168,18,True
ROIsAzuaga,42,168,19,True
ROIsAzuaga,42,168,20,True
ROIsAzuaga,42,168,21,True
ROIsAzuaga,42,168,22,True
ROIsAzuaga,42,168,25,True
ROIsAzuaga,42,168,26,True
ROIsAzuaga,42,168,27,True
ROIsAzuaga,42,169,6,True
ROIsAzuaga,42,169,8,True
ROIsAzuaga,42,169,9,True
ROIsAzuaga,42,169,10,True
ROIsAzuaga,42,169,12,True
ROIsAzuaga,42,169,13,True
ROIsAzuaga,42,169,14,True
ROIsAzuaga,42,169,16,True
ROIsAzuaga,42,169,17,True
ROIsAzuaga,42,169,18,True
ROIsAzuaga,42,169,19,True
ROIsAzuaga,42,169,20,True
ROIsAzuaga,42,169,21,True
ROIsAzuaga,42,169,22,True
ROIsAzuaga,42,169,23,True
ROIsAzuaga,42,169,25,True
ROIsAzuaga,42,169,26,True
ROIsAzuaga,42,169,27,True
ROIsAzuaga,42,170,6,True
ROIsAzuaga,42,170,8,True
ROIsAzuaga,42,170,9,True
ROIsAzuaga,42,170,12,True
ROIsAzuaga,42,170,13,True
ROIsAzuaga,42,170,14,True
ROIsAzuaga,42,170,15,True
ROIsAzuaga,42,170,16,True
ROIsAzuaga,42,170,17,True
ROIsAzuaga,42,170,18,True
ROIsAzuaga,42,170,20,True
ROIsAzuaga,42,170,21,True
ROIsAzuaga,42,170,22,True
ROIsAzuaga,42,170,25,True
ROIsAzuaga,42,170,27,True
ROIsAzuaga,42,170,29,True
ROIsAzuaga,42,171,6,True
ROIsAzuaga,42,171,8,True
ROIsAzuaga,42,171,9,True
ROIsAzuaga,42,171,10,True
ROIsAzuaga,42,171,12,True
ROIsAzuaga,42,171,13,True
ROIsAzuaga,42,171,14,True
ROIsAzuaga,42,171,15,True
ROIsAzuaga,42,171,16,True
ROIsAzuaga,42,171,17,True
ROIsAzuaga,42,171,18,True
ROIsAzuaga,42,171,20,True
ROIsAzuaga,42,171,21,True
ROIsAzuaga,42,171,22,True
ROIsAzuaga,42,171,25,True
ROIsAzuaga,42,171,26,True
ROIsAzuaga,42,171,27,True
ROIsAzuaga,42,171,29,True
ROIsAzuaga,42,172,6,True
ROIsAzuaga,42,172,8,True
ROIsAzuaga,42,172,9,True
ROIsAzuaga,42,172,10,True
ROIsAzuaga,42,172,12,True
ROIsAzuaga,42,172,13,True
ROIsAzuaga,42,172,14,True
ROIsAzuaga,42,172,15,True
ROIsAzuaga,42,172,16,True
ROIsAzuaga,42,172,17,True
ROIsAzuaga,42,172,18,True
ROIsAzuaga,42,172,20,True
ROIsAzuaga,42,172,21,True
ROIsAzuaga,42,172,22,True
ROIsAzuaga,42,172,25,True
ROIsAzuaga,42,172,27,True
ROIsAzuaga,42,172,29,True
ROIsAzuaga,42,173,6,True
ROIsAzuaga,42,173,8,True
ROIsAzuaga,42,173,9,True
ROIsAzuaga,42,173,10,True
ROIsAzuaga,42,173,12,True
ROIsAzuaga,42,173,13,True
ROIsAzuaga,42,173,14,True
ROIsAzuaga,42,173,15,True
ROIsAzuaga,42,173,16,True
ROIsAzuaga,42,173,17,True
ROIsAzuaga,42,173,18,True
ROIsAzuaga,42,173,20,True
ROIsAzuaga,42,173,21,True
ROIsAzuaga,42,173,22,True
ROIsAzuaga,42,173,25,True
ROIsAzuaga,42,173,27,True
ROIsAzuaga,42,174,6,True
ROIsAzuaga,42,174,8,True
ROIsAzuaga,42,174,9,True
ROIsAzuaga,42,174,10,True
ROIsAzuaga,42,174,11,True
ROIsAzuaga,42,174,12,True
ROIsAzuaga,42,174,13,True
ROIsAzuaga,42,174,14,True
ROIsAzuaga,42,174,15,True
ROIsAzuaga,42,174,16,True
ROIsAzuaga,42,174,17,True
ROIsAzuaga,42,174,18,True
ROIsAzuaga,42,174,20,True
ROIsAzuaga,42,174,21,True
ROIsAzuaga,42,174,22,True
ROIsAzuaga,42,174,25,True
ROIsAzuaga,42,174,26,True
ROIsAzuaga,42,174,27,True
ROIsAzuaga,42,175,6,True
ROIsAzuaga,42,175,8,True
ROIsAzuaga,42,175,9,True
ROIsAzuaga,42,175,10,True
ROIsAzuaga,42,175,11,True
ROIsAzuaga,42,175,12,True
ROIsAzuaga,42,175,13,True
ROIsAzuaga,42,175,14,True
ROIsAzuaga,42,175,15,True
ROIsAzuaga,42,175,16,True
ROIsAzuaga,42,175,17,True
ROIsAzuaga,42,175,18,True
ROIsAzuaga,42,175,20,True
ROIsAzuaga,42,175,21,True
ROIsAzuaga,42,175,22,True
ROIsAzuaga,42,175,25,True
ROIsAzuaga,42,175,26,True
ROIsAzuaga,42,175,27,True
ROIsAzuaga,42,176,6,True
ROIsAzuaga,42,176,8,True
ROIsAzuaga,42,176,9,True
ROIsAzuaga,42,176,10,True
ROIsAzuaga,42,176,12,True
ROIsAzuaga,42,176,13,True
ROIsAzuaga,42,176,14,True
ROIsAzuaga,42,176,15,True
ROIsAzuaga,42,176,16,True
ROIsAzuaga,42,176,17,True
ROIsAzuaga,42,176,18,True
ROIsAzuaga,42,176,20,True
ROIsAzuaga,42,176,21,True
ROIsAzuaga,42,176,22,True
ROIsAzuaga,42,176,23,True
ROIsAzuaga,42,176,25,True
ROIsAzuaga,42,176,26,True
ROIsAzuaga,42,176,27,True
ROIsAzuaga,42,177,6,True
ROIsAzuaga,42,177,8,True
ROIsAzuaga,42,177,9,True
ROIsAzuaga,42,177,10,True
ROIsAzuaga,42,177,11,True
ROIsAzuaga,42,177,12,True
ROIsAzuaga,42,177,13,True
ROIsAzuaga,42,177,14,True
ROIsAzuaga,42,177,15,True
ROIsAzuaga,42,177,16,True
ROIsAzuaga,42,177,17,True
ROIsAzuaga,42,177,18,True
ROIsAzuaga,42,177,20,True
ROIsAzuaga,42,177,21,True
ROIsAzuaga,42,177,22,True
ROIsAzuaga,42,177,23,True
ROIsAzuaga,42,177,25,True
ROIsAzuaga,42,177,26,True
ROIsAzuaga,42,177,27,True
ROIsAzuaga,42,178,6,True
ROIsAzuaga,42,178,8,True
ROIsAzuaga,42,178,9,True
ROIsAzuaga,42,178,10,True
ROIsAzuaga,42,178,12,True
ROIsAzuaga,42,178,13,True
ROIsAzuaga,42,178,14,True
ROIsAzuaga,42,178,15,True
ROIsAzuaga,42,178,16,True
ROIsAzuaga,42,178,17,True
ROIsAzuaga,42,178,18,True
ROIsAzuaga,42,178,20,True
ROIsAzuaga,42,178,21,True
ROIsAzuaga,42,178,22,True
ROIsAzuaga,42,178,25,True
ROIsAzuaga,42,178,26,True
ROIsAzuaga,42,178,27,True
ROIsAzuaga,42,179,6,True
ROIsAzuaga,42,179,8,True
ROIsAzuaga,42,179,9,True
ROIsAzuaga,42,179,10,True
ROIsAzuaga,42,179,11,True
ROIsAzuaga,42,179,12,True
ROIsAzuaga,42,179,13,True
ROIsAzuaga,42,179,14,True
ROIsAzuaga,42,179,15,True
ROIsAzuaga,42,179,16,True
ROIsAzuaga,42,179,17,True
ROIsAzuaga,42,179,18,True
ROIsAzuaga,42,179,20,True
ROIsAzuaga,42,179,21,True
ROIsAzuaga,42,179,22,True
ROIsAzuaga,42,179,23,True
ROIsAzuaga,42,179,25,True
ROIsAzuaga,42,179,26,True
ROIsAzuaga,42,179,29,True
ROIsAzuaga,42,180,6,True
ROIsAzuaga,42,180,8,True
ROIsAzuaga,42,180,9,True
ROIsAzuaga,42,180,10,True
ROIsAzuaga,42,180,11,True
ROIsAzuaga,42,180,12,True
ROIsAzuaga,42,180,13,True
ROIsAzuaga,42,180,14,True
ROIsAzuaga,42,180,15,True
ROIsAzuaga,42,180,16,True
ROIsAzuaga,42,180,17,True
ROIsAzuaga,42,180,18,True
ROIsAzuaga,42,180,20,True
ROIsAzuaga,42,180,21,True
ROIsAzuaga,42,180,22,True
ROIsAzuaga,42,180,25,True
ROIsAzuaga,42,180,26,True
ROIsAzuaga,42,180,27,True
ROIsAzuaga,42,180,29,True
ROIsAzuaga,42,181,6,True
ROIsAzuaga,42,181,9,True
ROIsAzuaga,42,181,10,True
ROIsAzuaga,42,181,11,True
ROIsAzuaga,42,181,12,True
ROIsAzuaga,42,181,13,True
ROIsAzuaga,42,181,14,True
ROIsAzuaga,42,181,15,True
ROIsAzuaga,42,181,16,True
ROIsAzuaga,42,181,17,True
ROIsAzuaga,42,181,18,True
ROIsAzuaga,42,181,20,True
ROIsAzuaga,42,181,21,True
ROIsAzuaga,42,181,22,True
ROIsAzuaga,42,181,25,True
ROIsAzuaga,42,181,26,True
ROIsAzuaga,42,181,27,True
ROIsAzuaga,42,181,29,True
ROIsAzuaga,42,182,6,True
ROIsAzuaga,42,182,9,True
ROIsAzuaga,42,182,10,True
ROIsAzuaga,42,182,11,True
ROIsAzuaga,42,182,12,True
ROIsAzuaga,42,182,13,True
ROIsAzuaga,42,182,14,True
ROIsAzuaga,42,182,15,True
ROIsAzuaga,42,182,16,True
ROIsAzuaga,42,182,17,True
ROIsAzuaga,42,182,18,True
ROIsAzuaga,42,182,20,True
ROIsAzuaga,42,182,21,True
ROIsAzuaga,42,182,22,True
ROIsAzuaga,42,182,25,True
ROIsAzuaga,42,182,26,True
ROIsAzuaga,42,182,27,True
ROIsAzuaga,42,182,29,True
ROIsAzuaga,42,183,6,True
ROIsAzuaga,42,183,9,True
ROIsAzuaga,42,183,10,True
ROIsAzuaga,42,183,12,True
ROIsAzuaga,42,183,13,True
ROIsAzuaga,42,183,14,True
ROIsAzuaga,42,183,15,True
ROIsAzuaga,42,183,16,True
ROIsAzuaga,42,183,17,True
ROIsAzuaga,42,183,18,True
ROIsAzuaga,42,183,19,True
ROIsAzuaga,42,183,20,True
ROIsAzuaga,42,183,21,True
ROIsAzuaga,42,183,22,True
ROIsAzuaga,42,183,25,True
ROIsAzuaga,42,183,26,True
ROIsAzuaga,42,184,6,True
ROIsAzuaga,42,184,8,True
ROIsAzuaga,42,184,9,True
ROIsAzuaga,42,184,10,True
ROIsAzuaga,42,184,12,True
ROIsAzuaga,42,184,13,True
ROIsAzuaga,42,184,14,True
ROIsAzuaga,42,184,16,True
ROIsAzuaga,42,184,17,True
ROIsAzuaga,42,184,18,True
ROIsAzuaga,42,184,19,True
ROIsAzuaga,42,184,20,True
ROIsAzuaga,42,184,21,True
ROIsAzuaga,42,184,22,True
ROIsAzuaga,42,184,25,True
ROIsAzuaga,42,184,26,True
ROIsAzuaga,42,185,6,True
ROIsAzuaga,42,185,8,True
ROIsAzuaga,42,185,9,True
ROIsAzuaga,42,185,10,True
ROIsAzuaga,42,185,12,True
ROIsAzuaga,42,185,13,True
ROIsAzuaga,42,185,14,True
ROIsAzuaga,42,185,16,True
ROIsAzuaga,42,185,17,True
ROIsAzuaga,42,185,18,True
ROIsAzuaga,42,185,19,True
ROIsAzuaga,42,185,20,True
ROIsAzuaga,42,185,21,True
ROIsAzuaga,42,185,22,True
ROIsAzuaga,42,185,25,True
ROIsAzuaga,42,185,26,True
ROIsAzuaga,42,186,6,True
ROIsAzuaga,42,186,8,True
ROIsAzuaga,42,186,9,True
ROIsAzuaga,42,186,10,True
ROIsAzuaga,42,186,12,True
ROIsAzuaga,42,186,13,True
ROIsAzuaga,42,186,14,True
ROIsAzuaga,42,186,16,True
ROIsAzuaga,42,186,17,True
ROIsAzuaga,42,186,18,True
ROIsAzuaga,42,186,19,True
ROIsAzuaga,42,186,20,True
ROIsAzuaga,42,186,21,True
ROIsAzuaga,42,186,22,True
ROIsAzuaga,42,186,25,True
ROIsAzuaga,42,186,26,True
ROIsAzuaga,42,186,27,True
ROIsAzuaga,42,187,6,True
ROIsAzuaga,42,187,8,True
ROIsAzuaga,42,187,9,True
ROIsAzuaga,42,187,12,True
ROIsAzuaga,42,187,13,True
ROIsAzuaga,42,187,14,True
ROIsAzuaga,42,187,15,True
ROIsAzuaga,42,187,16,True
ROIsAzuaga,42,187,17,True
ROIsAzuaga,42,187,18,True
ROIsAzuaga,42,187,20,True
ROIsAzuaga,42,187,21,True
ROIsAzuaga,42,187,22,True
ROIsAzuaga,42,187,25,True
ROIsAzuaga,42,187,27,True
ROIsAzuaga,42,188,6,True
ROIsAzuaga,42,188,8,True
ROIsAzuaga,42,188,9,True
ROIsAzuaga,42,188,10,True
ROIsAzuaga,42,188,12,True
ROIsAzuaga,42,188,13,True
ROIsAzuaga,42,188,14,True
ROIsAzuaga,42,188,15,True
ROIsAzuaga,42,188,16,True
ROIsAzuaga,42,188,17,True
ROIsAzuaga,42,188,18,True
ROIsAzuaga,42,188,20,True
ROIsAzuaga,42,188,21,True
ROIsAzuaga,42,188,22,True
ROIsAzuaga,42,188,25,True
ROIsAzuaga,42,188,27,True
ROIsAzuaga,42,189,6,True
ROIsAzuaga,42,189,8,True
ROIsAzuaga,42,189,9,True
ROIsAzuaga,42,189,10,True
ROIsAzuaga,42,189,12,True
ROIsAzuaga,42,189,13,True
ROIsAzuaga,42,189,14,True
ROIsAzuaga,42,189,15,True
ROIsAzuaga,42,189,16,True
ROIsAzuaga,42,189,17,True
ROIsAzuaga,42,189,18,True
ROIsAzuaga,42,189,20,True
ROIsAzuaga,42,189,21,True
ROIsAzuaga,42,189,22,True
ROIsAzuaga,42,189,25,True
ROIsAzuaga,42,189,26,True
ROIsAzuaga,42,189,27,True
ROIsAzuaga,42,190,6,True
ROIsAzuaga,42,190,8,True
ROIsAzuaga,42,190,9,True
ROIsAzuaga,42,190,10,True
ROIsAzuaga,42,190,12,True
ROIsAzuaga,42,190,13,True
ROIsAzuaga,42,190,14,True
ROIsAzuaga,42,190,15,True
ROIsAzuaga,42,190,16,True
ROIsAzuaga,42,190,17,True
ROIsAzuaga,42,190,18,True
ROIsAzuaga,42,190,20,True
ROIsAzuaga,42,190,21,True
ROIsAzuaga,42,190,22,True
ROIsAzuaga,42,190,25,True
ROIsAzuaga,42,190,26,True
ROIsAzuaga,42,190,27,True
ROIsAzuaga,42,191,6,True
ROIsAzuaga,42,191,7,True
ROIsAzuaga,42,191,8,True
ROIsAzuaga,42,191,9,True
ROIsAzuaga,42,191,10,True
ROIsAzuaga,42,191,11,True
ROIsAzuaga,42,191,12,True
ROIsAzuaga,42,191,13,True
ROIsAzuaga,42,191,14,True
ROIsAzuaga,42,191,15,True
ROIsAzuaga,42,191,16,True
ROIsAzuaga,42,191,17,True
ROIsAzuaga,42,191,18,True
ROIsAzuaga,42,191,20,True
ROIsAzuaga,42,191,21,True
ROIsAzuaga,42,191,22,True
ROIsAzuaga,42,191,25,True
ROIsAzuaga,42,191,27,True
ROIsAzuaga,42,192,6,True
ROIsAzuaga,42,192,8,True
ROIsAzuaga,42,192,9,True
ROIsAzuaga,42,192,10,True
ROIsAzuaga,42,192,11,True
ROIsAzuaga,42,192,12,True
ROIsAzuaga,42,192,13,True
ROIsAzuaga,42,192,14,True
ROIsAzuaga,42,192,15,True
ROIsAzuaga,42,192,16,True
ROIsAzuaga,42,192,17,True
ROIsAzuaga,42,192,18,True
ROIsAzuaga,42,192,20,True
ROIsAzuaga,42,192,21,True
ROIsAzuaga,42,192,22,True
ROIsAzuaga,42,192,25,True
ROIsAzuaga,42,192,26,True
ROIsAzuaga,42,192,27,True
ROIsAzuaga,42,193,6,True
ROIsAzuaga,42,193,8,True
ROIsAzuaga,42,193,9,True
ROIsAzuaga,42,193,10,True
ROIsAzuaga,42,193,11,True
ROIsAzuaga,42,193,12,True
ROIsAzuaga,42,193,13,True
ROIsAzuaga,42,193,14,True
ROIsAzuaga,42,193,15,True
ROIsAzuaga,42,193,16,True
ROIsAzuaga,42,193,17,True
ROIsAzuaga,42,193,18,True
ROIsAzuaga,42,193,20,True
ROIsAzuaga,42,193,21,True
ROIsAzuaga,42,193,22,True
ROIsAzuaga,42,193,25,True
ROIsAzuaga,42,193,26,True
ROIsAzuaga,42,193,27,True
ROIsAzuaga,42,194,6,True
ROIsAzuaga,42,194,8,True
ROIsAzuaga,42,194,9,True
ROIsAzuaga,42,194,10,True
ROIsAzuaga,42,194,11,True
ROIsAzuaga,42,194,12,True
ROIsAzuaga,42,194,13,True
ROIsAzuaga,42,194,14,True
ROIsAzuaga,42,194,15,True
ROIsAzuaga,42,194,16,True
ROIsAzuaga,42,194,17,True
ROIsAzuaga,42,194,18,True
ROIsAzuaga,42,194,20,True
ROIsAzuaga,42,194,21,True
ROIsAzuaga,42,194,22,True
ROIsAzuaga,42,194,25,True
ROIsAzuaga,42,194,26,True
ROIsAzuaga,42,194,27,True
ROIsAzuaga,42,195,6,True
ROIsAzuaga,42,195,8,True
ROIsAzuaga,42,195,9,True
ROIsAzuaga,42,195,10,True
ROIsAzuaga,42,195,11,True
ROIsAzuaga,42,195,12,True
ROIsAzuaga,42,195,13,True
ROIsAzuaga,42,195,14,True
ROIsAzuaga,42,195,15,True
ROIsAzuaga,42,195,16,True
ROIsAzuaga,42,195,17,True
ROIsAzuaga,42,195,18,True
ROIsAzuaga,42,195,20,True
ROIsAzuaga,42,195,21,True
ROIsAzuaga,42,195,22,True
ROIsAzuaga,42,195,25,True
ROIsAzuaga,42,195,26,True
ROIsAzuaga,42,195,27,True
ROIsAzuaga,42,196,6,True
ROIsAzuaga,42,196,8,True
ROIsAzuaga,42,196,9,True
ROIsAzuaga,42,196,10,True
ROIsAzuaga,42,196,11,True
ROIsAzuaga,42,196,12,True
ROIsAzuaga,42,196,13,True
ROIsAzuaga,42,196,14,True
ROIsAzuaga,42,196,15,True
ROIsAzuaga,42,196,16,True
ROIsAzuaga,42,196,17,True
ROIsAzuaga,42,196,18,True
ROIsAzuaga,42,196,20,True
ROIsAzuaga,42,196,21,True
ROIsAzuaga,42,196,22,True
ROIsAzuaga,42,196,25,True
ROIsAzuaga,42,196,26,True
ROIsAzuaga,42,196,27,True
ROIsAzuaga,42,197,6,True
ROIsAzuaga,42,197,8,True
ROIsAzuaga,42,197,9,True
ROIsAzuaga,42,197,10,True
ROIsAzuaga,42,197,11,True
ROIsAzuaga,42,197,12,True
ROIsAzuaga,42,197,13,True
ROIsAzuaga,42,197,14,True
ROIsAzuaga,42,197,15,True
ROIsAzuaga,42,197,16,True
ROIsAzuaga,42,197,17,True
ROIsAzuaga,42,197,18,True
ROIsAzuaga,42,197,20,True
ROIsAzuaga,42,197,21,True
ROIsAzuaga,42,197,22,True
ROIsAzuaga,42,197,23,True
ROIsAzuaga,42,197,25,True
ROIsAzuaga,42,197,26,True
ROIsAzuaga,42,197,27,True
ROIsAzuaga,42,197,29,True
ROIsAzuaga,42,198,6,True
ROIsAzuaga,42,198,8,True
ROIsAzuaga,42,198,9,True
ROIsAzuaga,42,198,10,True
ROIsAzuaga,42,198,11,True
ROIsAzuaga,42,198,12,True
ROIsAzuaga,42,198,13,True
ROIsAzuaga,42,198,14,True
ROIsAzuaga,42,198,15,True
ROIsAzuaga,42,198,16,True
ROIsAzuaga,42,198,17,True
ROIsAzuaga,42,198,18,True
ROIsAzuaga,42,198,20,True
ROIsAzuaga,42,198,21,True
ROIsAzuaga,42,198,22,True
ROIsAzuaga,42,198,25,True
ROIsAzuaga,42,198,26,True
ROIsAzuaga,42,198,29,True
ROIsAzuaga,42,199,6,True
ROIsAzuaga,42,199,9,True
ROIsAzuaga,42,199,10,True
ROIsAzuaga,42,199,11,True
ROIsAzuaga,42,199,12,True
ROIsAzuaga,42,199,13,True
ROIsAzuaga,42,199,14,True
ROIsAzuaga,42,199,15,True
ROIsAzuaga,42,199,16,True
ROIsAzuaga,42,199,17,True
ROIsAzuaga,42,199,18,True
ROIsAzuaga,42,199,20,True
ROIsAzuaga,42,199,21,True
ROIsAzuaga,42,199,22,True
ROIsAzuaga,42,199,25,True
ROIsAzuaga,42,199,26,True
ROIsAzuaga,42,199,29,True
ROIsAzuaga,42,200,6,True
ROIsAzuaga,42,200,9,True
ROIsAzuaga,42,200,10,True
ROIsAzuaga,42,200,12,True
ROIsAzuaga,42,200,13,True
ROIsAzuaga,42,200,14,True
ROIsAzuaga,42,200,15,True
ROIsAzuaga,42,200,16,True
ROIsAzuaga,42,200,17,True
ROIsAzuaga,42,200,18,True
ROIsAzuaga,42,200,19,True
ROIsAzuaga,42,200,20,True
ROIsAzuaga,42,200,21,True
ROIsAzuaga,42,200,22,True
ROIsAzuaga,42,200,25,True
ROIsAzuaga,42,201,6,True
ROIsAzuaga,42,201,8,True
ROIsAzuaga,42,201,9,True
ROIsAzuaga,42,201,12,True
ROIsAzuaga,42,201,13,True
ROIsAzuaga,42,201,14,True
ROIsAzuaga,42,201,15,True
ROIsAzuaga,42,201,16,True
ROIsAzuaga,42,201,17,True
ROIsAzuaga,42,201,18,True
ROIsAzuaga,42,201,19,True
ROIsAzuaga,42,201,20,True
ROIsAzuaga,42,201,21,True
ROIsAzuaga,42,201,22,True
ROIsAzuaga,42,201,25,True
ROIsAzuaga,42,201,26,True
ROIsAzuaga,42,202,6,True
ROIsAzuaga,42,202,8,True
ROIsAzuaga,42,202,9,True
ROIsAzuaga,42,202,10,True
ROIsAzuaga,42,202,12,True
ROIsAzuaga,42,202,13,True
ROIsAzuaga,42,202,14,True
ROIsAzuaga,42,202,16,True
ROIsAzuaga,42,202,17,True
ROIsAzuaga,42,202,18,True
ROIsAzuaga,42,202,19,True
ROIsAzuaga,42,202,20,True
ROIsAzuaga,42,202,21,True
ROIsAzuaga,42,202,22,True
ROIsAzuaga,42,202,25,True
ROIsAzuaga,42,202,26,True
ROIsAzuaga,42,202,27,True
ROIsAzuaga,42,203,6,True
ROIsAzuaga,42,203,8,True
ROIsAzuaga,42,203,9,True
ROIsAzuaga,42,203,10,True
ROIsAzuaga,42,203,12,True
ROIsAzuaga,42,203,13,True
ROIsAzuaga,42,203,14,True
ROIsAzuaga,42,203,16,True
ROIsAzuaga,42,203,17,True
ROIsAzuaga,42,203,18,True
ROIsAzuaga,42,203,19,True
ROIsAzuaga,42,203,20,True
ROIsAzuaga,42,203,21,True
ROIsAzuaga,42,203,22,True
ROIsAzuaga,42,203,25,True
ROIsAzuaga,42,203,26,True
ROIsAzuaga,42,203,29,True
